"Season","TeamName","Size","SizeRank","Hgt5","Hgt5Rank","Hgt4","Hgt4Rank","Hgt3","Hgt3Rank","Hgt2","Hgt2Rank","Hgt1","Hgt1Rank","HgtEff","HgtEffRank","Exp","ExpRank","Bench","BenchRank","Pts5","Pts5Rank","Pts4","Pts4Rank","Pts3","Pts3Rank","Pts2","Pts2Rank","Pts1","Pts1Rank","OR5","OR5Rank","OR4","OR4Rank","OR3","OR3Rank","OR2","OR2Rank","OR1","OR1Rank","DR5","DR5Rank","DR4","DR4Rank","DR3","DR3Rank","DR2","DR2Rank","DR1","DR1Rank","Continuity","RankContinuity"
"2026","Abilene Christian",76.7,296,-0.05,177,-1.68,350,-1.61,347,-0.96,295,0.78,106,-0.86,295,1.22523,242,37.06,86,17.82,214,22.79,80,28.93,7,17.72,281,12.48,361,29.65,266,25.03,211,11.67,308,16.84,61,16.54,26,30.68,63,19.5,298,18.48,206,16.04,186,15.03,164,39.0987247228622,77
"2026","Air Force",78.19,59,0.94,70,0.36,138,0.23,150,0.67,97,1.78,31,0.65,93,0.411027,359,28.3,294,24.69,23,25.41,31,15.79,306,12.94,356,21.14,169,30.09,257,14.13,351,26.88,33,16.06,67,12.82,73,22.12,277,16.36,356,24.34,41,15.1,228,22.04,14,21.7601120471954,192
"2026","Akron",76.19,345,-0.93,275,-1.34,328,-0.63,268,-1.89,351,-1.22,298,-1.14,325,1.62478,133,33.52,169,24.04,34,14.41,339,16.48,290,18.07,265,26.88,24,26.45,306,34.36,69,24.24,61,6.14,317,8.65,172,33.08,23,24.71,151,16.75,265,15.91,198,9.39,346,52.1833121776581,15
"2026","Alabama",78.57,34,1.42,41,1.55,23,1.08,58,0.95,77,0.86,99,1.48,25,1.91074,75,39.81,36,13.75,329,20.5,156,15.99,299,25.7,42,23.97,81,38.19,105,23.05,245,18.96,138,15.97,69,3.66,325,25.83,170,23.35,182,22.79,73,14.59,244,13.33,236,30.354568362236,131
"2026","Alabama A&M",77.54,152,-0.34,219,0.17,156,1.62,17,-0.32,217,-0.42,218,-0.08,193,1.36206,204,32.88,184,16.28,264,12.77,355,20.34,174,22.43,112,27.95,12,37.26,126,22.75,252,18.41,149,10.34,206,10.94,112,21.18,302,23.03,190,22.89,70,15.05,229,17.6,72,6.54231756925583,305
"2026","Alabama St.",76.75,280,-0.74,257,-1.16,319,-0.89,297,-1.21,319,0.78,106,-0.95,303,0.984597,288,28.16,296,16.22,266,15.69,318,14.47,337,27.74,14,25.81,35,32.61,212,42.86,12,15.81,216,4.61,348,3.95,314,24.35,212,20.93,257,22.18,82,16.07,185,16.36,110,10.179628431797,278
"2026","Albany",76.75,284,0.08,164,0.56,110,-0.79,287,-1.06,307,-2.04,340,0.32,132,0.72987,335,27.88,302,16.9,240,17.73,254,17.35,270,22.45,110,25.54,41,37.56,119,18.02,321,25.4,48,9.03,244,9.9,141,23.36,246,18.82,314,22.18,83,21.47,34,14.11,200,12.8094881772995,257
"2026","Alcorn St.",76.81,273,-1.1,296,-0.34,220,0.58,113,-0.96,297,-1.09,288,-0.72,275,0.824579,323,40.74,28,18.82,176,17.45,265,15.29,321,28.21,9,20.14,204,32.29,217,19,308,26.83,34,7.49,290,14.3,47,21.85,282,30.52,32,22.13,86,10.77,345,14.61,179,17.8442761301994,215
"2026","American",77.12,225,-2.02,354,-0.69,278,0,177,0.55,108,0.77,119,-1.36,340,1.33428,214,34.11,154,19.07,163,18.6,227,25.18,38,16.78,306,20.17,202,31.74,230,16.99,333,22.99,66,22.23,15,5.8,260,26.75,139,21.02,253,26.61,17,11.48,337,13.85,208,40.0759994983673,67
"2026","Appalachian St.",76.63,305,-0.58,230,-0.22,207,-0.88,295,-1.48,339,-0.65,236,-0.4,228,1.99456,55,32.27,198,17.97,211,14.05,344,26.42,22,19.61,208,21.92,135,38.13,108,36.13,50,9.55,340,4.87,345,11.23,103,23.78,232,21.65,234,15.94,284,15.05,230,23.55,7,22.4347025156021,186
"2026","Arizona",79.09,6,2.19,18,0.66,85,1.85,12,1.67,22,2.07,20,1.42,29,1.57101,144,31.71,216,18.07,206,21.02,142,18,247,20.71,158,22.14,131,33.43,206,42.68,13,15.71,220,3.97,355,4.1,309,21.45,297,32.15,19,16.99,257,12.64,312,16.7,99,34.2182844877243,105
"2026","Arizona St.",78.98,11,2.78,11,3.14,1,1.05,59,0.03,169,0.96,92,2.96,1,1.55089,153,35.2,119,21.48,84,15.28,329,16.01,297,21.76,129,25.47,45,29.91,262,33.23,82,18.72,142,10.61,199,7.53,196,23.12,256,26.24,108,20.1,150,15.19,226,15.36,148,2.12650932371616,331
"2026","Arkansas",78.4,43,0.42,124,1.11,48,0.45,124,1.08,68,1.97,26,0.76,80,1.60137,139,32.73,188,16.2,267,22.71,83,18.78,227,19.25,223,23,109,39.79,86,19.95,297,25.79,45,8.92,246,5.41,271,23.61,234,32.28,18,19.21,177,12.82,310,12.03,285,42.314013838768,49
"2026","Arkansas Pine Bluff",77.06,236,-1.34,315,-0.34,220,-0.17,198,1.51,39,-1.34,311,-0.84,287,0.956701,295,22.03,355,25.1,20,20.39,160,14.68,330,23.72,83,16.01,322,39.01,93,18.36,315,6.86,354,24.28,8,11.35,101,29.02,88,19.62,293,16.34,276,24.74,9,10.18,337,6.63945227861404,303
"2026","Arkansas St.",78.62,25,1.33,47,0.48,122,0.64,98,1.55,24,2.14,19,0.9,64,1.51419,164,23.14,346,13.52,334,18.5,238,19.94,192,21.96,125,26.05,32,28.7,282,22.71,253,17,181,15.23,80,16.29,30,23.54,237,23.06,188,26.02,21,14.44,255,12.87,251,0,347
"2026","Army",76.06,352,-0.97,279,-2.05,357,-1.68,352,-1.59,342,-0.37,216,-1.51,345,0.942201,300,32.26,199,16.05,273,18.59,228,20.62,161,24.55,64,20.19,201,21.24,340,32.27,88,21.28,97,12.36,150,12.85,71,21.05,310,19.42,301,17.12,250,22.49,25,19.92,33,32.141500711441,118
"2026","Auburn",78.29,50,-0.08,182,0.66,85,1.99,8,1.91,14,0.01,186,0.29,136,1.38701,192,28.93,274,18.61,182,14.76,332,22.35,104,21.28,145,23,110,34.49,179,19.66,301,22.81,70,13.82,115,9.22,156,26.3,154,16.71,352,26.33,19,19.79,59,10.87,327,11.825130879879,266
"2026","Austin Peay",77.27,203,-1.1,294,0.66,85,1.56,27,-1.21,320,-0.51,225,-0.22,214,0.857459,316,32.25,201,21.96,69,26.83,17,17.49,265,9.5,364,24.21,76,43.68,47,15.1,345,12.39,296,14.11,108,14.73,44,21.68,287,29.01,47,24.48,37,13.91,269,10.92,324,31.1724990606308,125
"2026","Ball St.",76.25,337,-1.82,346,-0.78,289,-1.33,328,-1.04,304,-0.75,251,-1.3,333,1.80706,99,34.83,128,13.86,323,15.64,321,20.81,156,25.21,52,24.28,75,37.17,127,26.99,175,14.6,248,19.72,32,1.22,361,27.6,119,21.36,245,19.14,180,16.78,147,14.93,168,8.30546170473099,299
"2026","Baylor",77.28,202,-1.01,287,-0.72,282,-0.32,217,0.78,91,0.67,127,-0.87,296,1.90668,77,22.48,348,13.82,326,16.4,296,26.23,26,24.52,66,18.87,239,37.74,115,29.64,115,21.23,98,6.92,304,4.26,305,25.06,192,23.65,176,19.95,157,18.92,82,12.23,275,0,347
"2026","Bellarmine",77.48,167,-1.7,340,-0.34,220,1.12,55,0.37,136,0.95,93,-1.02,309,0.842986,320,29.88,260,13.47,335,33.05,1,25.07,41,14.87,339,13.25,358,15.46,362,28.88,136,29.06,22,14.83,91,11.49,97,18.5,344,29.89,40,17.95,223,16.09,184,17.33,80,33.8390111923218,108
"2026","Belmont",77.71,130,-0.58,230,1.53,25,-0.58,261,0.02,170,1.17,74,0.48,109,1.08332,268,32.34,196,21.95,70,21.67,119,21.99,118,15.78,331,18.62,246,42.6,58,20.86,283,8.14,349,18.11,45,10.29,131,23.15,254,26.77,90,10.78,363,19,78,20.3,28,39.3656194210052,74
"2026","Bethune Cookman",77.41,177,-1.91,350,-1.14,315,0.24,149,0.55,108,2.34,14,-1.52,346,1.84793,88,32.57,192,18.8,177,18.76,220,26.62,19,16.62,314,19.12,231,27.41,297,34.22,70,18.27,153,10.07,215,9.83,148,27.95,112,14.84,362,21.84,97,17.95,113,17.24,82,22.1948638558388,187
"2026","Binghamton",76.75,281,-0.58,230,0.36,137,-0.13,193,-0.9,292,-1.98,337,-0.11,200,1.17852,249,25.15,332,27.3,7,16.9,283,12.67,354,20.97,154,21.94,134,34.25,188,29.59,116,14.27,259,15.34,79,6.26,240,29.04,86,26.64,94,16.69,268,11.44,338,15.97,121,13.4474277496338,250
"2026","Boise St.",78.78,18,0.81,84,0.1,166,1.62,17,2.58,2,1.78,31,0.45,111,1.84282,89,32.01,209,26.04,13,17.98,245,17.07,277,20.4,173,18.31,258,33.9,196,25.04,210,14.49,250,25.03,6,1.19,363,20.82,314,25.54,119,19.37,171,17.77,119,16.24,113,40.5503243207932,64
"2026","Boston College",77.72,127,0.53,115,1.21,40,-0.19,201,0.31,138,-0.22,201,0.87,69,1.53774,158,29.57,264,21.14,96,14.55,336,22.81,90,20.52,167,20.93,183,40.1,80,30.76,103,10.44,329,8.51,260,10.09,139,20.48,320,31.98,21,21.06,113,13.95,268,12.5,263,35.9048247337341,96
"2026","Boston University",77.3,193,1.63,36,-1.05,309,-0.67,275,-0.09,188,-0.29,212,0.29,135,1.26189,236,28.78,277,21.78,73,19.79,186,25.39,35,18.87,238,14.11,349,44.29,39,26.66,181,14.39,256,12.14,158,2.44,348,31.44,54,16.99,350,20.99,116,20.36,54,10.15,338,46.9260007143021,28
"2026","Bowling Green",78.16,67,-0.03,175,0.99,58,1.1,57,0.97,75,0.8,105,0.48,106,1.56414,145,25.8,325,17.23,229,24.53,42,11.82,361,22.96,100,23.47,98,36.32,150,22.05,268,6.61,357,16.82,62,18.2,16,23.59,235,23.68,175,19.69,160,18.64,92,14.4,188,17.9568737745285,213
"2026","Bradley",77.21,210,2.39,14,0.65,101,-0.3,214,-0.88,288,-2.79,356,1.52,24,1.79945,102,34.14,152,14.59,307,16.14,306,19.63,203,24.12,77,25.51,43,24.49,323,33.62,79,16.83,186,10.91,188,14.15,49,27.01,137,22.92,198,19.02,183,18.14,106,12.91,248,27.5493234395981,152
"2026","Brown",76.89,263,-0.87,271,-0.05,183,-0.6,266,-0.31,215,-0.7,244,-0.46,238,0.718488,339,37.42,73,20.32,121,20.04,174,23.48,75,17.19,289,18.93,238,17.84,355,37.84,32,15.45,230,14.14,107,14.7,45,22.91,262,28.03,67,11.06,362,18.46,99,19.52,40,38.6896669864655,80
"2026","Bryant",79.31,5,0.66,99,1.42,28,2.62,1,3.38,1,1.49,51,1.04,48,0.379385,360,29.19,271,16.12,271,22.84,75,20.92,153,19.3,220,20.63,193,25.36,315,22.53,258,17.72,160,19.04,36,15.15,38,17.69,352,22.91,200,24.96,30,23.2,20,11.02,320,6.61413222551346,304
"2026","Bucknell",76.85,269,1.19,59,0.87,66,-1.13,315,-0.25,208,-3.42,365,1.03,50,1.20169,245,34.68,135,24.58,24,20.02,175,18.81,225,21.61,134,14.87,341,36.84,134,37.73,34,12.98,286,9.09,242,3.27,335,18.59,342,25.12,138,20.74,128,20.58,48,14.89,171,40.6334459781647,62
"2026","Buffalo",76.73,285,0.74,90,0.04,172,-2.13,359,-0.78,280,-1.2,296,0.39,120,1.43165,179,27.14,310,18.49,189,12.05,357,20.83,155,26.76,25,21.78,144,20.08,344,41.63,17,15.86,214,8.12,270,14.06,51,24.9,196,24.51,157,14.44,323,15.23,223,20.77,22,37.2491747140884,87
"2026","Butler",78.05,80,1.23,55,-0.28,215,0.27,145,0.65,99,1.39,57,0.47,110,1.92615,70,37.14,81,18.17,200,21.75,115,16.09,295,23.18,93,20.71,191,30.26,254,32.59,84,17.57,161,6.05,319,13.38,62,21.54,292,35.12,6,21.79,99,9.48,360,11.97,288,15.2536600828171,241
"2026","BYU",78.08,76,-0.31,213,1.11,47,1.03,61,1.33,54,0.28,159,0.4,116,1.78315,107,31.31,228,16.42,260,24.6,38,11.98,360,25.25,51,21.73,146,29.3,273,35.88,52,7.8,351,16.3,64,10.65,122,27.36,126,31.32,24,12.08,354,16.43,173,12.8,253,32.7997773885727,113
"2026","Cal Baptist",76.5,316,2.02,23,0.39,128,-1.69,353,-2.25,358,-2.96,358,1.21,39,1.29649,223,31.93,211,15.37,285,17.51,262,20.06,187,17.85,277,29.17,6,34.63,177,31.54,97,17.01,180,9.28,238,7.5,198,26.64,145,30.54,31,18.05,221,9.97,357,14.74,174,31.3418507575989,123
"2026","Cal Poly",77.98,86,-1.12,300,-0.36,241,0.62,99,1,73,2.78,5,-0.74,278,0.630591,347,36.94,87,21.18,94,15.98,313,21.02,147,17.8,278,24.03,80,36.13,151,16.91,335,21.84,85,14.15,106,10.98,111,24.39,211,19.54,295,22.07,89,18.64,93,15.37,147,32.5626522302628,115
"2026","Cal St. Bakersfield",77.33,189,-0.62,247,-0.56,264,0.05,170,0.25,148,0.57,137,-0.59,258,2.03782,52,30.6,246,18.15,202,20.23,168,22.56,95,17.58,282,21.48,154,34.41,184,17.6,326,21.43,92,19.18,34,7.38,205,32.74,25,17.86,338,14.74,313,12.83,309,21.83,15,29.8307716846466,133
"2026","Cal St. Fullerton",75.92,355,-0.76,260,-1.86,354,-2.1,358,-1.63,344,-1.02,281,-1.31,336,1.01769,281,34.46,144,21.48,83,24.77,36,18.01,246,22.2,118,13.38,355,37.02,130,24.74,217,17.16,172,12.35,151,8.52,176,17.15,355,25.22,132,12.64,352,20.95,42,23.91,5,8.50987136363983,294
"2026","California",77.69,132,0.32,143,0.38,130,0.99,65,-0.61,262,0.41,146,0.35,129,2.21264,36,29.71,261,14.85,297,21.44,128,20.6,164,20.27,178,22.69,118,45.75,32,22.01,269,11.43,314,8.32,265,12.25,84,32.11,39,22.78,203,13.7,340,17.86,116,13.38,233,15.8319637179375,234
"2026","Campbell",76.61,308,-0.76,259,-1.15,318,-0.52,253,-0.51,247,-1,277,-0.95,304,2.38288,23,22.04,354,25.46,17,21.41,129,9.71,364,15.99,326,27.36,19,33.49,205,40.95,20,10.61,327,5.89,322,8.97,165,25.64,173,33.57,10,14.45,322,11.99,329,14.28,193,24.68331605196,170
"2026","Canisius",77.24,205,-0.09,184,0.24,151,-0.94,302,-0.06,181,0.06,181,0.08,166,1.34144,212,31.65,219,20.12,128,19.35,200,20.49,168,20.35,175,19.59,218,22.51,333,26.54,184,26.04,40,17.52,51,7.24,209,25.92,165,20.96,255,20.87,122,20.69,47,11.45,307,7.09028393030167,302
"2026","Central Arkansas",76.99,248,-0.74,256,-1.32,326,-0.56,258,-0.07,182,0.65,129,-1.03,311,0.942412,299,36.49,94,11.08,357,20.97,145,18.73,228,29.95,6,19.23,228,26.14,308,23.18,243,17.41,170,23.3,12,9.9,142,31.48,52,20.06,281,15.96,283,15.94,193,16.47,106,13.2513225078583,251
"2026","Central Connecticut",77.52,158,-0.99,285,-0.34,220,0.33,140,-0.13,196,1.78,31,-0.67,267,0.875395,312,30.65,244,20.14,127,31.89,3,12.66,355,16.81,305,18.31,257,36.32,149,20.83,284,33.71,8,8.91,247,0,364,25.97,163,18.92,313,24.49,36,13.4,290,17.06,89,16.4117023348808,225
"2026","Central Michigan",77.59,146,1.89,27,-0.66,273,-0.38,222,-0.01,174,0.11,177,0.61,99,0.432045,357,36.39,99,22.25,63,19.59,194,15.71,309,20.65,160,21.66,148,29.58,269,28.92,134,9.41,342,11.86,159,20.06,9,30.41,66,23.21,184,20.6,132,11.48,336,14.12,199,0,347
"2026","Charleston",78.11,71,3.05,8,-1.21,320,0.1,162,-0.14,199,1.78,31,0.92,61,1.42321,182,39.03,51,23.86,36,17.1,276,15.44,317,18.38,259,25.07,53,44.9,34,17.4,328,21.55,91,7.75,282,8.15,182,29.02,87,19.01,311,17.5,235,11.99,330,22.29,11,2.2448692470789,330
"2026","Charleston Southern",76.88,264,0.54,114,-0.74,285,-0.61,267,-0.58,257,-1.17,295,-0.1,199,0.817248,324,39.5,41,14.72,303,20.22,169,31.93,2,16.69,312,16.32,316,34.03,193,30.23,107,18.68,143,14.83,90,2.11,355,24,224,19.04,310,28.87,5,16,188,11.95,289,13.1953611969948,252
"2026","Charlotte",78.57,33,3.11,7,0.81,72,-0.58,260,0.55,108,1.96,27,1.96,14,1.3676,203,40.02,34,22.7,53,15.56,323,28.8,8,14.88,338,17.89,271,43.85,45,14.27,350,11.12,322,16.88,59,13.63,57,34.88,11,19.84,288,15.75,288,14.6,243,14.68,177,13.1661623716354,253
"2026","Chattanooga",76.34,329,0.39,134,-0.52,259,-1.57,344,-2.37,360,-1.22,298,-0.07,189,1.56208,146,37.41,75,15.73,277,18.95,209,22.33,105,19.4,214,23.59,94,36.7,138,21.35,277,19.78,125,17.42,53,4.75,295,22.83,264,20.94,256,18.16,218,18.95,80,19.11,47,16.3722917437553,226
"2026","Chicago St.",75.7,360,-2.26,360,-1.37,337,-0.56,257,-1.17,316,-3.13,363,-1.81,358,1.39104,190,40.25,32,17.77,216,21.36,132,23,83,19.92,195,17.83,272,32.88,209,41.84,16,13.79,271,8.85,250,2.53,346,22.57,267,15.2,361,21.43,103,20.58,49,20.12,30,7.66054689884186,300
"2026","Cincinnati",78.7,23,3.37,5,2.01,11,1.38,35,-0.11,194,-0.13,196,2.69,3,2.19195,38,34.62,139,22.64,54,19,208,19.83,197,16.69,311,21.62,149,30.39,250,36.84,42,13.56,276,8.12,271,10.87,116,35.56,6,24.1,167,15.35,303,10.52,351,14.22,195,13.0659610033035,255
"2026","Clemson",77.92,96,0.42,124,1.7,15,-0.04,184,-0.08,186,0.65,128,1.06,47,2.18911,39,41.81,22,20.83,105,17.59,257,20.31,175,20.32,176,20.95,179,26.43,307,26.03,194,19.59,130,14.91,86,13.04,66,27.52,120,20.19,275,19.95,156,20.91,44,11.43,308,9.73731726408005,286
"2026","Cleveland St.",76.44,320,-2.17,359,-0.55,262,0.08,164,0.29,140,-2.41,349,-1.36,341,0.92505,302,39.43,44,14.36,314,24.99,34,13.66,347,20.51,168,26.49,27,34,195,30.2,108,22.24,80,4.49,349,9.08,160,23.53,239,31.47,23,18.93,186,16.67,158,9.4,345,0,347
"2026","Coastal Carolina",77.49,164,0.59,110,-0.34,220,0.18,155,-0.39,224,0.42,144,0.12,159,1.35475,206,30.27,253,12.51,347,18.12,243,18.94,221,26.01,34,24.42,71,37.55,120,32.09,91,11.36,316,12.6,145,6.4,231,23.88,230,23.1,186,20.83,124,14.88,235,17.32,81,15.7123699784279,237
"2026","Colgate",77.34,186,-0.32,215,0.02,175,-0.77,283,-0.39,225,1.16,75,-0.15,206,1.25189,237,31.13,232,22.8,49,23.39,66,9.06,365,21.91,127,22.77,115,50.26,9,18.89,309,15.57,225,8.09,274,6.99,218,21.74,286,18.81,315,12.83,349,28.26,2,18.27,65,40.7119989395142,59
"2026","Colorado",78.6,28,2.07,21,2.86,2,1.28,43,-0.01,173,-0.22,201,2.47,7,1.10737,266,33.04,182,20.51,114,20.37,163,17.74,259,19.36,216,21.85,140,24.05,325,27.46,167,16.73,188,24.73,7,6.83,219,32.14,38,28,69,16.85,260,13.4,288,9.35,347,31.5354615449905,122
"2026","Colorado St.",77.76,123,0.54,113,1.15,44,0.04,171,-0.27,211,0.36,150,0.85,72,1.99331,56,27.04,312,20.61,113,23.59,61,15.73,307,18.64,249,21.37,160,28.19,289,36.78,43,15.62,223,15.19,82,4.09,310,32.45,29,23.45,179,20.1,149,15.21,225,8.68,353,9.78830680251122,285
"2026","Columbia",77.95,92,0.25,151,1.04,54,1.1,56,0.13,160,0.23,163,0.65,94,1.69995,119,35.71,111,19.04,164,16.6,290,18.94,220,20.54,166,24.67,64,28.57,284,27.48,166,28.47,25,10.75,196,4.47,299,27.73,116,21.04,252,23.35,59,13.84,271,13.8,211,48.4026402235031,24
"2026","Connecticut",78.59,30,1.86,28,0.5,118,1.5,30,0.79,89,1.32,67,1.18,41,2.433,19,34.47,142,24.26,29,18.95,210,15.81,304,20.27,179,20.55,194,30.33,251,24.57,222,18.65,144,15.52,77,10.67,121,29.56,80,16.54,354,19.26,175,20.43,53,14.05,203,52.095639705658,17
"2026","Coppin St.",77.63,140,-0.28,210,0.25,149,0.14,160,0.63,100,0.44,143,-0.01,178,0.535239,355,51.44,1,22.59,55,23.38,67,23.96,64,12.23,359,17.67,276,29.61,268,28.16,151,22.7,71,15.86,72,3.42,334,25.36,177,25.2,133,21.95,93,14.25,262,13.07,246,13.081157207489,254
"2026","Cornell",75.63,361,-3.14,365,-2.55,365,-1.38,332,-0.52,250,-1.26,308,-2.84,365,1.30958,218,39.47,42,14.31,316,14.08,343,25.96,29,19.96,193,25.65,36,19.67,346,21.22,280,27.75,27,18.45,41,12.82,74,29.56,81,23.43,181,16.67,270,15.64,210,14.58,182,46.1184561252594,30
"2026","Creighton",78.58,31,0.42,124,0.85,70,1.2,50,1.94,13,1.5,50,0.63,95,1.8756,82,39.34,45,22.78,50,18.77,219,21.04,146,16.53,317,20.84,187,34.9,173,32.06,92,14.89,243,10.22,211,7.85,190,25.15,188,18.6,324,24.56,35,12.97,306,18.66,59,29.0928035974503,142
"2026","CSUN",77.15,224,-1.29,312,-1.34,328,0.07,166,0.04,167,1.31,68,-1.32,337,1.76516,109,28.64,283,17.55,225,20.51,155,21.18,141,25.69,43,14.98,339,32.08,220,23.84,235,30.58,13,5.33,336,7.95,188,19.18,338,31.06,26,19.54,165,13.4,289,16.68,100,23.9793360233307,176
"2026","Dartmouth",77.21,212,-1.58,328,-0.28,214,0.38,134,1.36,49,-0.84,261,-0.93,302,1.66684,123,28.75,279,16.91,239,18.53,234,21.26,139,30.08,5,13.1,359,39.93,84,29.87,113,16.73,189,9.36,237,3.8,321,26.24,157,28.93,50,20.24,144,12.82,311,11.59,299,52.4460017681122,14
"2026","Davidson",77.66,136,0.61,107,-0.77,288,-0.01,178,0.27,143,1.19,73,-0.08,194,1.39379,189,43.4,14,13.75,328,18.2,241,24.5,50,21.62,133,21.81,141,50.98,7,8.19,365,21.66,88,9.94,216,9.06,162,28.23,102,22.29,216,19.98,154,15.5,218,13.8,212,24.0691065788269,174
"2026","Dayton",77.59,145,2.35,15,-0.56,263,0.37,135,0.95,76,-2.14,342,0.9,66,2.40044,20,27.33,307,19.38,150,19.3,202,14.44,338,21.71,131,25.16,50,30.54,247,27.44,168,17.5,163,14.87,87,9.64,152,27.95,111,17.15,347,22.32,80,21.77,32,10.81,329,31.5878927707672,121
"2026","Delaware",78.4,44,-0.58,230,0.76,77,0.96,68,1.09,65,2.78,5,0.09,164,0.907475,307,20.95,359,17.67,219,20.01,177,18.08,242,22.79,104,21.45,156,36.54,142,35.28,59,13.21,283,4.44,351,10.53,126,22.92,261,21.25,247,12.75,350,19.05,76,24.03,3,10.1435922086239,279
"2026","Delaware St.",76.92,257,0.23,155,0.66,85,-0.57,259,-0.61,259,-2.08,341,0.44,112,1.28868,226,42.06,19,9.12,363,23.69,58,22.28,108,17.33,287,27.54,15,39.08,92,21.62,276,18.3,152,12.78,139,8.11,183,23.76,233,24.37,160,20.8,125,18.85,87,12.13,281,15.767377614975,235
"2026","Denver",77.51,161,-1.71,342,-0.34,220,1.26,45,1.35,53,0.02,183,-1.03,310,0.63439,346,27.51,305,11.73,353,18.63,226,23.51,74,22.97,99,23.15,103,36.77,137,12.13,359,26.52,38,20.59,24,3.95,315,21.23,301,24.63,154,20.12,148,21.02,41,12.99,247,4.10213321447372,315
"2026","DePaul",78.09,75,0.92,74,0.61,108,1.24,48,-0.25,207,0.95,94,0.76,81,1.55513,149,38.43,57,15.43,283,24.57,39,25.37,36,15.2,335,19.24,227,35.09,167,33.82,75,11.64,309,10.85,192,8.4,178,23.01,260,28.67,55,16.41,275,19.57,66,12.15,279,34.6533477306366,102
"2026","Detroit Mercy",77.37,179,-0.14,194,0.05,170,0.04,172,1.25,56,-1.34,312,-0.04,184,1.37277,198,46.2,6,15.98,275,16.26,301,21.63,133,24.71,61,21.32,164,34.95,172,28.94,133,20.82,106,11.33,178,3.78,322,19.58,331,23.8,173,22.98,67,17.62,124,15.86,127,50.8754014968872,20
"2026","Drake",77.36,181,0.25,153,-1.05,308,-0.41,239,-0.45,229,1.47,54,-0.4,227,1.17207,251,31.64,220,20.81,106,18.3,239,19.92,193,13.66,350,27.15,20,41.64,65,14.88,346,19.67,128,12.25,155,11.36,100,29.76,75,19.84,287,21.18,109,10.62,349,18.41,61,0.579582713544369,340
"2026","Drexel",77.17,221,0.86,80,0.12,163,0.06,169,-1.04,303,-1.15,294,0.49,105,0.893828,309,33.24,176,16.5,256,16.9,282,21.67,130,23.48,87,21.39,158,43.28,54,27.93,160,11.19,320,12.48,147,5.09,287,25.19,186,25.64,116,18.88,187,16.64,160,13.61,223,36.4909827709198,93
"2026","Duke",79.38,4,0.67,98,1.49,26,2.37,2,2.08,8,3.3,2,1.08,46,0.858853,315,35.33,116,19.63,147,30.27,5,14.63,333,20.24,182,15.23,336,34.12,190,33.94,74,18.22,155,7.93,277,5.8,259,23.57,236,28.87,52,19.2,178,12.52,315,15.84,128,24.4125247001648,172
"2026","Duquesne",77.89,103,0.42,124,1.17,42,-0.38,222,1.28,55,-0.02,190,0.8,77,1.97507,59,34,157,22.85,47,16.25,302,16.58,286,19.88,196,24.42,70,33.62,203,30.1,109,19.14,133,13.5,120,3.53,329,24.55,207,24.89,141,17.09,253,17.84,117,15.6,140,40.6665056943893,61
"2026","East Carolina",77.11,226,0.42,124,1.36,34,-0.37,221,-1.85,349,-1.02,279,0.89,67,1.48052,169,26.06,320,18.45,191,18.25,240,32.94,1,16.93,301,13.25,357,30.88,241,44.67,5,16.1,206,5.08,342,3.06,339,25.41,175,25.41,125,19.37,170,15,232,14.6,180,21.525776386261,193
"2026","East Tennessee St.",76.78,276,-1.58,328,0.66,85,-0.55,255,-0.16,201,-1.44,315,-0.46,236,1.80614,100,33.65,166,21,102,26.8,19,18.04,244,18.53,252,15.53,331,37.11,129,24.88,214,20.11,115,11.6,166,6.13,244,21.55,291,21.19,250,20.27,143,20.91,43,15.98,120,20.1216220855713,204
"2026","East Texas A&M",77,245,-0.86,270,0.64,103,-0.09,191,-0.46,240,-1.22,298,-0.11,202,1.27174,233,41.49,24,18.47,190,26.06,28,22.28,109,18.78,243,14.24,346,43.68,48,27.39,169,14.02,266,12.93,136,1.69,358,24.93,194,26.6,98,20.1,151,22.67,24,5.48,365,23.588664829731,179
"2026","Eastern Illinois",76.68,298,-1.75,344,-0.34,220,0.46,122,-1.45,331,-0.52,226,-1.05,314,1.0657,270,31.18,231,12.52,346,19.35,199,18.1,241,24.61,62,25.32,47,21.43,338,34.76,63,13.99,267,13.41,123,16.3,29,20.77,318,26.95,86,14.25,329,18,110,19.87,34,38.8138651847839,79
"2026","Eastern Kentucky",76.08,351,-1.95,352,-0.34,220,-0.55,254,-0.96,296,-2.76,355,-1.15,327,1.15743,257,34.89,125,18.41,193,17.34,270,17.53,263,25.8,38,20.87,184,32.55,214,31.5,98,11.64,310,11.32,179,12.9,70,27.14,134,25.76,113,17.02,254,12.55,313,17.46,75,39.3370062112808,75
"2026","Eastern Michigan",77.92,99,-0.23,206,0.71,81,0.96,67,0.9,79,0.26,160,0.24,141,1.13759,264,31.05,236,16.56,254,21.36,133,22.81,89,22.06,120,17.1,295,30.29,253,26.05,192,24.9,57,14.73,93,3.88,317,27.67,118,25.85,112,19.39,169,17.93,114,9.01,351,6.51738494634628,306
"2026","Eastern Washington",76.73,286,-0.09,186,0.51,117,-0.82,288,-1.85,350,-1.06,287,0.21,147,1.17101,252,34.77,130,21.27,90,20.26,167,14.66,332,16.27,322,27.54,16,25.46,312,25.93,196,40.66,2,4.4,352,3.55,327,22.3,271,26.46,101,21.86,96,18.72,90,10.66,332,23.0396673083305,181
"2026","Elon",77.78,118,-0.91,272,0.66,85,1.15,54,-0.11,192,1.14,77,-0.13,203,1.44416,175,33.07,181,13.21,339,31.03,4,20.53,167,16.32,321,18.72,243,20.72,343,30,112,22.97,67,11.26,182,14.81,42,14.87,363,29.39,43,23.19,62,17.73,121,14.55,184,10.2815888822079,277
"2026","Evansville",78.89,12,0.62,104,1.91,14,1.33,39,1.35,52,2.25,18,1.27,36,1.3752,197,35.29,117,27.94,4,19.86,181,17.6,260,17.47,284,17.06,297,41.72,64,43.12,11,0,365,11.45,174,3.55,328,32.23,32,25.58,118,11.75,357,16.87,143,13.49,227,27.2581487894058,155
"2026","Fairfield",76.4,323,-1.1,295,-0.52,258,-1.01,308,-1.34,327,-1.03,284,-0.81,284,1.11259,265,31.59,222,20.02,132,17.45,264,15.56,316,19.96,192,26.86,25,43.54,51,29.36,125,15.65,222,5.81,326,5.4,272,32.25,31,25.68,115,14.53,320,10.42,353,16.92,94,19.6270287036896,208
"2026","Fairleigh Dickinson",77.43,172,0.71,95,-0.16,196,0.43,126,-0.82,282,0,187,0.27,138,0.876678,311,32.1,207,20.81,107,20.96,146,17.56,261,23.17,94,17.22,291,24.66,321,25.98,195,20.73,107,9.71,222,18.73,14,27.81,114,12.99,364,32.72,1,13.85,270,12.35,270,2.6239475235343,325
"2026","FIU",76.93,254,0.31,146,0.42,126,-0.15,197,-1.04,305,-1.87,333,0.37,125,1.37176,199,37.06,85,14.34,315,20.3,165,24.2,59,24.15,74,16.83,300,33.06,208,36.25,49,16.03,210,2.66,362,11.78,92,23.34,247,24.8,148,22.13,87,17.57,126,12,287,10.0372120738029,282
"2026","Florida",78.88,13,2.15,20,2.46,5,1.9,10,0.24,149,0.67,126,2.31,10,1.94151,65,25.53,328,19.12,159,20.9,148,21.3,138,19.27,222,19.31,226,35.92,156,33.44,80,18.39,150,5.77,327,6.32,237,26.81,138,33.38,12,16.8,262,16.83,144,6.08,364,40.2317941188812,66
"2026","Florida A&M",77.32,192,-0.36,222,-0.02,177,-1.26,325,0.45,126,0.84,100,-0.19,208,1.32853,216,36.38,100,16.47,259,22.43,96,19.41,207,21.88,128,19.81,212,25.77,309,19.21,306,38.57,4,8.75,253,7.7,193,30.16,69,27.29,80,18.27,213,11.92,331,12.36,269,22.9894489049911,182
"2026","Florida Atlantic",77.96,88,1.29,51,0.62,104,-0.31,215,0.44,127,0.81,103,0.96,57,0.613269,350,36.77,90,17.74,217,23.36,68,16.66,283,25.05,56,17.2,293,31.89,226,36.68,44,14.57,249,11.85,160,5.01,291,19.47,333,19.09,308,19.06,181,28.01,3,14.36,189,13.6239722371101,248
"2026","Florida Gulf Coast",76.86,268,-0.93,274,-0.03,178,-0.46,243,-0.51,249,-0.77,255,-0.48,242,1.42569,181,32.66,190,15.35,286,22.46,94,17.38,269,20.94,155,23.79,86,34.97,171,21.26,278,17.74,159,15.65,74,10.22,135,22.06,278,23,191,24.7,33,15.45,219,14.69,176,39.5975172519684,73
"2026","Florida St.",78.18,61,0.71,96,0.61,106,0.55,116,0.72,95,1.34,63,0.66,92,1.74587,113,37.13,84,19.32,152,19.14,206,19.76,199,23.21,91,18.48,247,25.36,314,35.71,55,13.39,280,14.84,89,10.63,123,23.46,241,26.62,96,20.85,123,16.58,162,12.4,268,8.79081338644028,290
"2026","Fordham",77.43,171,0.42,124,1.6,20,0,176,-0.89,290,-0.94,271,1.01,53,1.91645,73,28.65,280,17.06,235,21.37,131,14.52,336,21.45,141,25.6,39,25.21,318,37.82,33,16.73,190,5.03,343,15.22,37,24.35,213,30.11,36,16.74,266,14.28,261,14.52,185,2.42472738027573,328
"2026","Fresno St.",77.7,131,1.57,37,0.17,157,0.08,165,-0.18,202,-0.1,194,0.87,70,1.55957,147,28.52,289,15.17,294,19.83,184,24.45,53,17.91,276,22.47,123,47.25,22,21.73,274,12.96,288,7.09,300,10.76,118,31.56,50,18.71,321,15.45,300,17.14,133,16.93,93,16.8995469808578,221
"2026","Furman",79.46,3,1.42,42,1.66,16,1.62,17,2.54,5,3.11,3,1.54,22,1.28763,228,26.54,316,19.15,157,16.12,308,20,189,20.24,183,24.5,68,36.56,140,20.75,285,10.36,330,18.87,37,13.46,61,36.6,3,18.08,337,18.76,191,14.36,260,12.21,276,47.6891338825226,26
"2026","Gardner Webb",76.3,333,-1.01,288,-0.7,279,-1.33,329,-1.56,341,-0.86,264,-0.86,292,0.5626,352,37.7,68,20.69,111,18.51,237,16,298,23.76,82,20.95,180,33.62,202,19.66,300,19.81,123,24.13,9,2.71,343,33.87,15,21.67,231,13.46,344,16.7,155,14.18,197,9.71130207180977,287
"2026","George Mason",77.91,100,0.26,150,-0.08,189,-0.12,192,1.52,37,0.98,89,0.09,165,1.97258,60,28.83,275,23.36,40,14.98,330,20.8,157,17.12,292,23.54,96,44.71,36,27.48,165,13.84,269,7.09,299,6.59,225,33.11,22,16.71,351,19.58,164,16.09,183,14.3,192,1.56434644013643,336
"2026","George Washington",78.2,58,1.02,67,0.66,84,0.71,95,0.42,129,1.21,72,0.84,73,2.36594,25,39.22,47,24.93,22,21.93,110,16.61,284,18.03,267,18.43,251,33.64,200,22.44,263,16.33,200,13.5,121,14.03,52,35.06,7,26.1,109,11.73,358,14.85,237,12.18,278,36.7294698953629,90
"2026","Georgetown",78.14,68,1.98,25,-0.09,190,0.07,167,0.55,108,1.21,71,0.95,58,1.83975,91,33.63,167,22.86,46,17.34,271,15.97,300,19.55,209,24.12,78,37.02,131,22.07,267,15.81,215,15.71,73,9.1,159,21.49,293,22.24,217,20.7,131,18.35,102,17.07,88,28.1662791967392,149
"2026","Georgia",77.55,150,0.38,135,1.66,16,0.64,97,-0.63,265,-1.27,309,1.02,52,1.88843,81,44.48,10,18.38,194,16.92,281,22.72,93,16.4,319,25.54,42,37.68,116,27.02,174,19.68,127,7.3,293,8.23,181,25.33,178,25.47,124,22.07,90,15.9,199,11.19,314,30.581521987915,129
"2026","Georgia Southern",76.99,247,-0.58,230,-0.12,192,0.4,129,-0.14,198,-1.57,322,-0.35,224,1.38737,191,38.61,54,14.83,298,23.74,57,20.16,183,19.85,197,21.32,163,35.52,164,23.34,242,18.45,148,17.42,54,5.15,285,21.17,303,25.28,131,20.92,120,16.6,161,15.91,125,9.37300100922585,288
"2026","Georgia St.",77.77,121,1.31,48,0.04,171,-0.04,186,0.2,154,0.34,154,0.68,90,0.51451,356,39.19,48,10.95,358,16.01,312,28.69,9,24.86,58,19.43,222,29.63,267,29.12,129,14.13,262,17.05,57,9.89,143,26.03,161,28.2,63,16.01,282,18.49,98,11.13,317,22.1354275941849,188
"2026","Georgia Tech",78.37,47,0.94,72,0.53,114,0.76,87,1.25,58,1.38,58,0.74,85,1.62811,132,36.45,96,21.69,75,26.07,27,18.19,239,19.04,227,14.97,340,31.87,227,29.41,123,17.45,166,11.41,176,9.81,150,37.05,2,21.43,241,12.9,348,16.46,171,12.07,284,20.6340610980988,199
"2026","Gonzaga",78.25,53,0.52,117,0.48,121,1.62,17,1.1,64,0.54,138,0.5,104,2.73175,4,43.12,15,28.14,3,24.08,51,18.11,240,13.82,348,15.68,329,29.88,263,18.15,319,32.14,11,14.56,96,5.07,289,24.68,203,19.88,285,24.45,39,15.66,209,15.09,163,26.0931342840195,161
"2026","Grambling St.",78.16,64,-1.96,353,-0.34,220,0.71,94,2.55,3,2.9,4,-1.15,328,1.14811,259,32.56,193,14.78,300,20.41,159,26.09,28,24.57,63,14.16,347,34.48,180,28.43,145,15.94,212,14.82,92,6.34,235,18.52,343,22.21,220,20.32,138,16.66,159,22.28,12,2.10269149392843,332
"2026","Grand Canyon",78.78,17,2.01,24,0.89,65,1.29,40,1.96,11,0.78,106,1.45,27,2.55262,11,33.52,168,15.57,280,17.86,247,28.49,10,17.03,297,21.05,176,30.58,246,34.17,72,11.54,312,13.32,129,10.39,128,21.75,284,31.52,22,21.11,111,14.08,264,11.54,302,18.5210362076759,212
"2026","Green Bay",76.96,249,-0.84,268,-1.43,341,-1.06,311,0.27,146,0.87,98,-1.14,323,1.40335,187,28.64,282,12.96,340,22.61,88,25.47,33,22.59,108,16.25,317,29.19,276,12.89,357,15.88,213,23.46,10,18.45,15,17.89,348,22.45,213,18.41,207,22.92,21,18.19,66,42.1614915132523,51
"2026","Hampton",77.28,200,0.79,86,-0.34,220,0.73,91,-0.64,266,-1.1,290,0.22,144,1.81117,98,36.08,105,15.33,287,19.07,207,20.55,165,23.11,95,21.86,138,27.75,293,31.34,101,21.64,89,16.52,63,2.56,345,18.06,346,34.77,8,24.32,42,15.04,231,7.67,360,33.9076310396194,106
"2026","Harvard",76.85,270,-1.49,325,-2.18,358,-0.39,236,0.55,108,0.77,121,-1.84,359,1.682,122,19.1,364,18.22,197,26.65,21,24.2,60,18.45,255,12.36,362,30.42,248,22.47,262,20.86,105,15.09,83,11.1,108,22.4,270,24.36,161,13.79,339,25.92,6,13.38,234,69.7425007820129,2
"2026","Hawaii",78.56,35,1.39,44,0.95,60,1.59,26,0.1,161,1.78,31,1.17,44,1.79675,103,34.19,151,27.27,8,22.64,87,22.1,115,14.16,344,13.58,353,39.78,87,22.83,249,22.32,79,10.3,209,4.44,300,28.08,109,18.28,332,24.19,43,15.82,204,13.37,235,29.1397213935852,141
"2026","High Point",76.22,340,-1.39,320,-0.42,249,-0.15,196,-1.3,323,-2.61,353,-0.91,300,2.29092,33,31.7,218,12.35,351,22.47,92,20.62,162,19.41,212,25.05,54,30.65,245,26.2,189,24.97,54,8.25,268,9.85,144,23.42,245,35.59,4,21.92,94,9.86,359,9.07,350,15.6803131103516,238
"2026","Hofstra",77.35,184,1.19,58,0.14,162,-0.59,264,-0.57,253,-0.41,217,0.67,91,1.50578,166,24.11,340,17.99,208,18.58,229,14.23,343,29.29,8,19.85,210,57.65,3,15.35,342,19.02,136,5.54,332,2.3,352,38.95,1,26.74,91,15.42,302,10.22,354,8.55,355,38.5948032140732,81
"2026","Holy Cross",76.75,282,-2.08,356,-1.34,328,0.62,99,0.57,103,-1.01,278,-1.71,352,1.24116,238,29.14,273,18.52,187,16.67,287,20.87,154,18.2,263,25.61,38,29.06,277,29.26,127,16.78,187,18.73,39,5.89,253,25.06,193,20.47,268,17.69,230,19.54,67,17.08,87,45.8993434906006,31
"2026","Houston",77.89,105,1.21,57,-0.41,248,-0.94,303,0.55,108,2.06,21,0.4,119,1.78955,105,32.02,208,15.32,288,15.87,316,20.21,179,21.6,137,26.95,22,34.27,187,29.03,132,21.93,84,5.12,340,9.48,155,31.66,44,20.18,276,19,184,15.86,201,13.18,240,43.9377874135971,41
"2026","Houston Christian",76.52,314,-2.68,363,-1.34,328,0.53,118,-0.09,190,-0.81,258,-2.01,361,1.19488,246,26.02,321,21.6,79,17.57,259,16.51,288,22.67,107,21.54,151,31.68,232,14.63,349,21.68,87,19.59,33,12.32,81,25.19,187,16.48,355,15.74,289,21.6,33,20.88,21,36.2111747264862,94
"2026","Howard",76.17,348,-1.21,306,-2.32,361,-0.64,270,-0.11,193,-1.87,332,-1.77,355,1.35649,205,30.4,252,14.57,309,20.2,170,22.32,107,24.53,65,18.35,254,26.55,305,23.66,239,16.96,183,20.18,27,12.59,80,21.38,298,21.45,239,18.72,195,21.04,40,17.35,79,5.99984005093575,308
"2026","Idaho",77.41,178,0.73,92,-0.18,200,-0.09,190,-0.46,239,0.07,179,0.27,140,1.53472,159,27.93,300,19.8,139,20.99,143,23.75,68,15.41,333,19.99,208,30.91,240,20.34,294,17.09,175,20.66,23,10.91,114,28.16,106,16.66,353,23.49,54,16.34,174,15.28,153,36.9918376207352,89
"2026","Idaho St.",77.66,135,-0.1,187,-0.3,217,1.24,47,1.89,15,-1.43,314,-0.2,210,0.796756,327,31.63,221,26.64,9,12.82,353,19.64,202,19.79,199,20.84,185,43.53,53,16.97,334,21.37,96,8.9,248,8.82,168,34.9,9,15.65,359,15.15,306,16.78,149,17.22,85,25.8029669523239,162
"2026","Illinois",79.47,2,3.51,3,1.66,16,1.83,14,2.55,3,0.8,104,2.59,5,1.70097,118,28.54,288,18.84,174,17.73,253,22.76,91,19.48,211,21.1,173,18.63,350,23.68,237,19.66,129,22.96,14,14.96,40,27.92,113,29.12,45,18.68,199,11.82,333,12.29,271,39.6094292402267,72
"2026","Illinois Chicago",77.21,207,-1.31,314,-0.07,187,0.62,99,1.64,23,-1.79,329,-0.69,270,1.79317,104,34.26,149,16.26,265,15.56,324,15.72,308,23.48,88,28.96,7,38.57,99,24.46,227,15.81,217,18.05,47,3.09,338,19.81,329,26.49,99,17.15,249,23.25,17,13.25,238,12.2104205191135,263
"2026","Illinois St.",76.78,277,0.91,75,-0.92,297,-0.38,222,-1.08,311,-1.63,325,0,176,2.08244,49,35.68,112,19.64,145,21.18,137,17.91,251,20.58,165,20.52,195,38.76,96,24.55,224,21.42,93,9.65,226,5.35,273,31.55,51,21.4,242,24.73,32,10.64,348,11.41,309,54.2141437530518,10
"2026","Incarnate Word",76.53,312,-1.08,291,-0.74,284,-0.79,286,-0.89,291,-0.84,260,-0.91,301,2.2977,32,22.36,350,10.64,360,19.67,191,21.33,137,27.83,13,20.35,196,43.82,46,23.03,246,14.2,260,8.52,259,10.28,133,15.78,361,29.99,37,27.17,13,16.5,168,10.29,336,44.739156961441,37
"2026","Indiana",78.01,83,-0.09,185,0.18,155,1.29,42,1.36,50,0.35,153,0.05,171,3.05563,1,29.58,263,22.08,67,20.15,171,22.28,110,25.52,47,9.85,365,42.88,57,24.27,230,12.03,301,6.74,307,13.98,53,25.1,190,24.93,140,20.8,126,13.31,292,15.76,133,0,347
"2026","Indiana St.",76.92,260,-0.22,205,-0.82,291,0.62,99,-0.98,298,-0.99,276,-0.52,246,0.957471,294,32.91,183,22.05,68,19.5,196,21.05,145,19.97,191,17.33,289,31.34,235,38.37,31,16.04,209,5.41,334,8.58,174,21.16,304,36.23,3,22.16,84,10.18,355,10.12,339,34.8793387413025,100
"2026","Iona",77.05,239,-0.22,203,0.66,85,-0.14,194,-1.07,308,-0.95,272,0.22,145,1.306,219,34.46,143,15.57,281,22.82,78,20.17,182,17,298,24.42,69,31.47,233,30.02,111,27.53,28,5.84,324,5.07,288,18.85,339,28.6,59,24.64,34,13.98,266,13.91,207,5.50988987088203,311
"2026","Iowa",78.46,39,0.32,145,0.53,115,0.96,69,0.73,93,2.78,5,0.42,114,1.43405,178,35.55,113,22.28,62,19.29,203,20.11,184,15.24,334,23.04,107,28.77,281,28.33,146,29.93,16,7.81,280,5.15,286,28.91,91,20.67,266,23.41,56,14.85,238,12.12,282,2.26976778358221,329
"2026","Iowa St.",78.12,70,0.46,121,1.37,31,0.9,74,0.28,142,0.59,133,0.92,62,2.49566,14,31.43,225,16.17,268,26.72,20,20.95,152,15.79,330,20.25,199,47.76,17,17.76,323,5.23,361,12.88,138,16.17,33,23.02,259,28.14,65,19.98,153,15.51,216,13.21,239,48.7796068191528,23
"2026","IU Indy",76.2,343,-2.1,357,-1.53,344,-0.71,276,-1.45,337,-0.22,201,-1.81,357,0.203232,363,35.83,110,12.54,345,21.65,120,23.27,76,17.91,275,24.5,67,31.97,224,20.19,295,15.71,221,14.69,94,17.28,22,33.18,20,27.79,75,12.01,355,12.25,320,14.6,181,0.318120885640383,341
"2026","Jackson St.",76.71,295,-0.24,207,-0.16,195,-0.74,280,-0.45,229,-1.85,330,-0.2,211,1.20305,244,38.2,62,8.61,364,11.56,359,26.52,21,20.14,186,33.1,1,26.68,303,28.45,144,10.14,333,21.52,19,12.99,68,19.56,332,19.51,297,23.74,53,23.55,14,13.51,225,44.7503954172134,36
"2026","Jacksonville",77.18,218,0.04,167,-0.19,201,0.57,115,-0.58,254,-0.91,268,-0.08,192,0.972918,291,38.43,58,18.58,184,18.84,215,22.03,116,19.84,198,20.65,192,46.68,26,19.68,299,14.44,253,12.67,141,6.37,232,25.07,191,21.38,243,21.42,104,14.46,254,17.61,71,21.1391061544418,196
"2026","Jacksonville St.",77.21,211,0.83,83,-1.1,312,-1.66,350,-0.45,229,1.42,55,-0.14,204,1.38249,194,38.38,59,16.49,257,32.62,2,14.97,328,14.09,345,21.78,143,25.55,311,23.96,233,24.66,58,13.64,117,12.12,88,24.23,214,33.46,11,10.3,364,13.28,294,18.64,60,10.3444136679173,276
"2026","James Madison",77.33,191,-1.13,301,0.03,174,1.46,34,-0.82,283,0.13,174,-0.55,249,1.84801,87,33.97,159,15.23,292,29.7,7,12.99,353,16.6,315,25.48,44,47.44,20,25.64,202,14.95,239,7.64,287,4.33,303,25.31,179,24.28,162,29.02,4,10.61,350,10.78,330,15.7367125153542,236
"2026","Kansas",78.69,24,1.09,65,1.07,52,0.81,81,1.2,59,2.32,15,1.08,45,1.75027,110,27.71,304,20.34,120,24.9,35,23.09,81,15.03,336,16.55,307,28.61,283,38.37,30,21.21,99,6.13,318,5.57,266,28.42,97,27.26,81,15.46,299,12.99,305,15.77,132,8.46452713012695,296
"2026","Kansas City",76.66,301,0.28,148,-1.42,340,-1.06,310,0.07,163,-1.55,318,-0.57,256,0.91226,305,29.91,258,16.95,238,18.01,244,23.2,78,19.93,194,21.91,136,36.11,152,28.07,157,5.2,362,23.38,11,7.24,210,31.66,45,26.89,87,15.54,296,14.51,248,11.4,310,19.9731901288033,205
"2026","Kansas St.",77.62,141,0.62,106,-0.05,181,-0.23,206,0.17,156,0.6,132,0.29,137,2.14219,44,33.73,165,14.46,312,21.76,114,14.57,335,26.29,30,22.89,114,37.62,117,19.52,303,18.58,146,13.25,131,10.93,113,21.6,288,19.88,284,20.22,146,21.28,36,16.94,91,16.1717295646667,229
"2026","Kennesaw St.",78.07,78,-0.61,244,0.31,145,0.81,82,1.52,38,1.36,59,-0.15,205,1.3045,221,38.97,52,18.61,183,16.4,297,20.22,178,17.15,291,27.52,17,19.82,345,36.3,48,26.06,39,12.64,143,4.92,294,24.7,202,25.53,122,24,48,15.55,215,10.04,341,37.0487660169601,88
"2026","Kent St.",76.16,349,-1.22,307,0.35,140,-0.84,290,-2.48,361,-1.99,338,-0.44,232,1.89239,80,30.71,242,14.29,318,26.15,25,21.85,125,19.31,219,18.4,252,25.24,317,41.55,18,24.96,56,4.69,346,3.56,326,20.81,316,35.36,5,18.79,190,13.46,286,11.57,300,29.190120100975,140
"2026","Kentucky",78.83,16,1.9,26,1.19,41,-0.18,200,1.55,24,2.69,9,1.55,21,1.44368,176,40.49,30,19.09,161,16.15,305,21.14,142,21.06,150,22.52,121,37.01,132,27.86,161,15.1,236,9.66,225,10.28,134,27.1,136,22.95,195,17.74,228,15.56,213,16.59,103,29.6294808387756,134
"2026","La Salle",77.94,94,-0.16,197,0.37,135,0.13,161,1.45,43,0.96,91,0.1,161,1.64485,127,35.47,114,18.97,168,21.48,127,23.12,80,19.7,204,16.73,303,31.98,222,43.12,10,14.33,257,7.13,297,3.43,333,25.9,167,27.16,83,21.42,105,15.5,217,10.02,342,3.95534485578537,316
"2026","Lafayette",75.83,359,0.18,158,-0.25,211,-1.76,354,-3,364,-3.02,361,-0.03,181,1.37642,196,19.41,363,16.7,248,19.69,189,22.02,117,25.2,53,16.4,314,18.35,352,41.01,19,26.81,35,9.39,235,4.43,301,28.28,101,30.39,33,17.54,234,16.32,175,7.48,361,51.0643422603607,19
"2026","Lamar",77.43,173,0.42,124,1.04,55,0.33,139,-0.75,275,-0.9,265,0.73,87,1.37125,200,33.96,161,21.63,77,19.25,205,17.43,267,25.44,48,16.21,318,21.19,341,38.71,29,30.27,14,7.31,292,2.27,353,26.68,143,32.54,16,17.46,236,12.02,327,11.15,316,46.9295531511307,27
"2026","Le Moyne",77.35,183,-0.69,253,-1.34,328,0.32,142,0.87,82,0.62,131,-1.02,307,0.675592,344,23.57,344,22.77,51,18.53,235,21.23,140,20.43,171,16.89,299,56.9,5,17.25,329,13.4,279,6.87,306,5.41,270,31.48,53,16.08,357,20.4,137,20.54,51,11.35,311,10.8247116208076,271
"2026","Lehigh",76.26,334,-0.06,179,-1.08,310,-1.62,348,-0.95,294,-1.97,335,-0.57,255,1.14384,261,28.64,281,20.04,130,12.06,356,22.26,111,23.93,79,21.49,153,37.92,112,28.5,143,13.06,284,10.48,201,9.84,146,27.47,122,22.98,194,21.07,112,17.6,125,10.65,333,45.7322925329208,32
"2026","Liberty",75.45,364,-1.73,343,-1.01,306,-1.22,319,-2.81,362,-2.96,357,-1.37,342,2.62354,9,19.7,361,16.75,245,14.79,331,24.33,57,25.86,37,18.27,260,37.78,114,28.85,137,25.8,44,5.71,330,1.85,357,31.62,47,26.68,93,17.11,252,13.13,300,11.46,306,51.8984794616699,18
"2026","Lindenwood",76.86,267,0.11,162,-1.72,352,-0.38,222,0,172,-0.68,241,-0.8,282,1.46498,171,26.28,318,19.65,144,23.56,63,23.73,69,20.64,161,12.28,363,40.27,79,14.78,347,22.52,73,17.26,56,4.98,292,23.42,244,24.86,144,19.03,182,20.75,46,11.8,293,36.6237193346024,91
"2026","Lipscomb",77.45,168,1.09,66,0.16,159,-0.2,202,-0.04,180,-0.73,247,0.63,96,0.866458,314,39.45,43,24.39,26,17.39,267,16.47,291,20.01,190,21.74,145,20.73,342,25.12,209,25.08,52,18.34,43,10.72,119,26.62,148,18.28,331,24.12,45,15.64,211,15.34,150,18.6836510896683,210
"2026","Little Rock",78.37,46,-0.58,230,0.85,69,2.08,5,1.73,21,0.78,106,0.13,157,1.52592,160,30.47,249,16.17,269,27.59,12,25.3,37,17.04,296,13.75,352,30.92,239,37.11,40,13.97,268,9.05,243,8.8,169,21.92,281,27.8,74,18.35,211,16.52,167,15.27,154,35.6524527072906,97
"2026","LIU",77.5,162,-1.68,338,-1.53,345,-0.38,222,1.55,24,2.57,10,-1.61,348,1.05407,271,29.41,267,14.66,306,17.58,258,20.08,186,21.28,146,26.28,30,21.72,335,27.94,159,15.71,218,23.01,13,11.57,96,19.84,327,24.86,143,23.33,60,17.09,135,14.77,173,42.5783753395081,46
"2026","Long Beach St.",77.55,149,0.25,152,0.71,82,-0.97,305,-0.03,178,0.83,101,0.48,107,0.958389,293,36.36,101,9.7,362,22.31,98,24.47,51,21.07,149,22.42,126,33.6,204,29.24,128,22.69,72,8.55,258,5.86,254,19.27,336,28.12,66,19.51,167,13.76,275,19.32,43,4.44693490862846,314
"2026","Longwood",77.01,243,-1.7,341,-0.34,220,0.2,154,-0.07,185,-0.02,189,-1.02,308,1.45346,174,36.57,93,19.17,156,14.66,334,20.99,149,20.41,172,24.71,62,31.45,234,16.49,338,25.99,42,13.04,135,12.94,69,20.48,319,19.52,296,21.88,95,13.57,282,24.46,2,34.8671436309814,101
"2026","Louisiana",77.33,190,-0.79,266,-0.43,250,-0.38,222,0.49,123,0.77,120,-0.61,261,0.837051,321,35.29,118,12.7,343,19.87,180,29.42,6,24.83,59,12.96,360,40,81,17.13,332,15.6,224,15.89,71,11.2,104,19.84,328,22,226,24.9,31,19.62,63,13.48,228,9.8234660923481,284
"2026","Louisiana Monroe",76.7,297,-0.66,248,-2.05,356,-1.63,349,-0.45,229,1.29,69,-1.35,339,0.141898,364,27,313,19.7,142,19.65,192,13.72,346,25.41,50,21.44,157,18.41,351,48.96,1,14.32,258,9.16,240,9.06,161,15.97,360,31.05,27,18.88,188,18.57,94,15.46,144,5.72885423898697,309
"2026","Louisiana Tech",78.04,81,0.65,101,0.15,160,0.46,123,0.17,155,1.78,31,0.4,118,1.0447,274,40.29,31,16.59,252,11.36,361,15.7,310,27.89,10,28.4,9,23.77,327,31.96,93,25.11,51,13.86,114,5.27,278,21.01,311,20.76,263,30.01,2,17.14,134,10.98,322,25.1235872507095,166
"2026","Louisville",78.4,45,1.54,38,0.95,61,-0.47,246,0.55,108,2.42,12,1.25,38,2.32982,29,36.84,89,16.08,272,16.1,309,23.83,66,18.85,239,25.09,52,37.46,122,25.57,204,9.72,338,11.6,167,15.57,35,19.88,326,26.6,97,17.59,233,15.79,206,20.04,31,20.5139517784119,200
"2026","Loyola Chicago",77.48,166,0.16,159,-0.24,209,0.98,66,-0.65,268,0.18,165,-0.04,182,1.81649,95,31.51,224,20.01,134,17.72,255,15.58,315,22.85,101,23.77,87,35.95,155,26.78,179,20.31,113,5.22,338,11.62,95,33.44,18,20.34,269,15.68,290,14.48,253,15.95,122,26.16006731987,160
"2026","Loyola Marymount",78.54,36,1.67,34,0.33,143,0.62,99,1.98,9,1.11,80,1,55,1.58576,141,30.97,240,14.29,317,21.7,118,13.91,345,23.79,81,26.28,29,35.76,158,19.71,298,25.69,46,11.51,172,7.21,211,23.27,250,25.38,126,21.35,108,13.57,283,16.39,109,32.6911151409149,114
"2026","Loyola MD",77.42,174,-0.1,188,-0.85,293,-0.84,291,0.46,125,1.48,53,-0.48,240,1.35377,208,34.71,132,18.56,185,16.65,288,17.96,249,24.13,76,22.7,117,34.99,169,22.6,256,19.11,134,11.04,185,12.26,83,25.21,185,14.07,363,16.54,274,23.71,13,20.47,24,56.6200435161591,8
"2026","LSU",78.4,42,0.42,124,1.92,13,1.33,38,1.88,17,-0.51,224,1.17,43,2.71363,5,32.37,195,22.34,60,25.24,32,12.07,359,20.26,180,19.99,209,30.78,242,32.3,87,29.61,17,3.62,357,3.51,331,22.29,273,30.68,28,23.75,52,10.94,342,12.2,277,10.7065565884113,273
"2026","Maine",77.36,182,-0.02,174,0.34,141,-0.39,235,-0.03,177,-0.1,193,0.16,154,1.55575,148,36.42,98,25.38,18,17.79,251,18.28,238,19.67,205,18.74,242,32.22,218,17.57,327,12.45,295,21.36,20,16.22,32,23.45,243,28.69,54,20.31,139,13.64,280,13.79,213,12.6507595181465,260
"2026","Manhattan",75.46,363,-0.97,280,-1.13,314,-1.6,346,-2.96,363,-3.01,360,-1.05,315,1.54657,156,24.5,337,17.44,226,20.77,152,16.85,278,23.32,89,21.58,150,22.81,332,40.23,24,19.92,121,10.2,212,6.77,222,27.22,128,28.58,60,20.53,134,13.99,265,9.63,344,39.1996324062347,76
"2026","Marist",76.44,321,-0.68,251,-0.73,283,-0.88,296,-1.51,340,-0.98,275,-0.7,272,1.52311,161,27.8,303,21.92,72,15.96,314,23.06,82,17.94,274,21.13,171,35.08,168,16.6,337,17.12,174,11.38,177,19.82,10,16.39,358,29,49,17.74,227,17.74,120,19.13,46,55.7924866676331,9
"2026","Marquette",77.76,122,1.3,49,0.77,76,-0.15,195,1.04,69,-1.13,291,1.03,49,1.40677,185,37.78,67,15.49,282,18.85,213,21.57,134,23.09,96,20.97,178,27.26,299,32.48,85,17.02,179,14.55,97,8.58,173,33.46,17,21.73,228,14.93,310,16.69,157,13.12,242,53.2117605209351,13
"2026","Marshall",78.28,51,4.21,2,1.42,27,-1.24,323,-0.02,175,0.02,184,2.82,2,1.54239,157,30.42,250,20.44,117,20.44,158,17.18,275,18,270,23.9,84,48.33,16,18.7,312,13.24,282,16.1,66,3.51,330,27.16,133,22.09,222,11.51,360,16.94,139,22.22,13,21.9609811902046,190
"2026","Maryland",77.09,230,-0.34,218,0.37,134,-0.46,245,0.05,166,-1.14,293,0.02,175,1.93831,67,32.84,186,24.2,30,13.89,347,20.99,148,18.77,244,22.06,132,41.45,67,23.54,241,16.63,196,14.06,111,4.16,308,27.19,129,19.78,290,16.72,267,21.06,39,15.09,162,0,347
"2026","Maryland Eastern Shore",77.82,113,-0.68,252,0.66,85,1.8,15,1.11,63,-0.74,249,-0.01,179,0.738245,333,47.33,3,25.25,19,25.49,30,17.51,264,13.94,346,17.75,274,17.44,356,40.44,22,22.47,75,13.32,130,6.2,241,21.93,280,22.6,207,21.76,101,21.99,30,11.63,298,12.3551197350025,262
"2026","Massachusetts",76.9,261,-0.13,192,0.5,119,-1.16,316,-0.61,260,-1.05,286,0.18,150,2.01799,54,27.96,299,22.12,66,21.23,134,11.67,362,27.24,19,17.73,275,36.08,153,25.41,206,32.24,10,4.04,354,2.16,354,29.78,74,28.01,68,21.5,102,11.84,332,8.83,352,24.4714081287384,171
"2026","McNeese",77.19,216,0.09,163,-1.28,323,-0.78,284,0.27,145,0.68,124,-0.59,259,1.90489,79,39.67,37,13.71,330,14.21,342,23.6,72,22.34,116,25.95,34,37.92,113,20.57,290,24.05,62,11.09,183,6,252,23.03,258,27.37,79,18.25,215,15.82,203,15.31,151,25.6076812744141,163
"2026","Memphis",77.9,102,2.78,10,0.86,68,0.62,99,-0.08,187,-1.68,326,1.82,16,2.16839,40,43.6,12,16.86,242,15.51,326,21.67,129,22.79,103,22.98,112,33.69,199,19.44,305,29.36,18,10.86,190,6.43,228,21.1,306,18.73,320,27.5,10,16.45,172,16.05,117,0,347
"2026","Mercer",77.06,237,0.08,165,-0.92,298,-0.59,263,-0.37,222,0.11,176,-0.42,230,1.60173,138,21.22,358,18.88,172,12.93,351,19.24,213,26.61,27,22.24,129,32.59,213,27.09,173,20.24,114,12.53,146,7.39,204,31.28,55,19.62,292,20.31,140,16.81,145,11.8,294,13.0481734871864,256
"2026","Mercyhurst",75.01,365,-2.75,364,-2.34,362,-2.73,364,-2.06,356,-2.02,339,-2.55,364,0.746285,331,29.62,262,16.86,241,15.85,317,17.34,271,22.39,114,27.56,14,33.63,201,36.35,47,14.08,265,7.5,289,8.44,177,25.9,168,24.15,165,19.31,174,14.21,263,16.43,107,41.8118894100189,52
"2026","Merrimack",76.32,330,-2.17,358,-1.31,324,-1.59,345,-0.58,255,0.26,162,-1.74,353,1.15744,256,22.34,351,12.44,349,18.88,212,24.79,46,18.88,235,24.91,57,44.77,35,17.62,325,8.04,350,6.97,303,22.42,5,27.39,124,19.84,286,13.93,336,19,79,19.7,36,10.099758207798,280
"2026","Miami FL",78.45,40,0.73,91,1.08,51,0.82,79,0.69,96,1.98,24,0.9,63,1.66559,124,33.52,170,17.4,227,24.56,40,19.36,209,17.74,280,20.94,182,39.13,91,22.76,251,19.03,135,8.1,273,10.99,110,34.89,10,18.3,330,14.99,309,18.04,109,13.78,215,0,347
"2026","Miami OH",77.17,220,-0.76,261,0.54,113,0.32,143,-0.51,248,-0.73,246,-0.11,201,1.97889,58,32.16,205,22.59,56,23.11,71,15.85,302,17.08,294,21.14,170,37.13,128,10.82,362,20.69,109,20.03,28,11.01,109,26.75,141,19.2,305,26.73,16,15.94,194,11.17,315,62.1746003627777,4
"2026","Michigan",78.6,27,2.89,9,1.55,24,0.52,119,0.89,80,0.17,167,2.22,11,2.05508,50,38.49,56,21.32,89,23.64,60,17.33,272,20.3,177,17.36,287,36.96,133,24.67,218,20.01,118,12.22,156,6.06,248,31.58,49,24.41,159,14.3,327,15.55,214,14.07,202,32.0078521966934,119
"2026","Michigan St.",78.71,21,1.29,52,2.18,9,1.29,41,0.83,84,1,86,1.73,19,1.42644,180,34.67,137,21.25,91,23.84,54,16.45,292,18.78,242,19.68,214,28.56,285,40.42,23,20.48,110,5.89,323,4.64,297,28.73,93,29.2,44,16.98,258,13.02,302,12.08,283,41.7092055082321,53
"2026","Middle Tennessee",78.44,41,1.16,63,1.37,32,0.95,70,-0.07,184,1.78,31,1.26,37,1.83272,92,33.77,163,13.84,325,24.67,37,18.31,237,18.89,234,24.16,77,36.55,141,28.84,138,5.28,360,12.88,137,16.27,31,19.46,334,33.71,9,20.94,119,13.27,295,12.49,264,28.393629193306,145
"2026","Milwaukee",76.94,253,-0.15,195,-0.25,212,-0.78,285,-0.53,251,-0.58,232,-0.2,209,1.15307,258,41.57,23,18.63,181,18.56,232,25.77,32,20.59,164,16.41,312,44.36,37,28.76,140,10.15,332,11.53,170,5.05,290,29.82,73,25.2,134,16.1,279,16.88,142,11.84,292,16.0127967596054,231
"2026","Minnesota",77.74,125,-1.29,313,-0.03,180,1.25,46,0.43,128,1.36,60,-0.66,266,2.25588,34,24.55,335,16.86,243,19.72,188,30.14,3,17.98,271,15.31,335,34.3,185,16.02,339,26.03,41,14.45,102,9.2,157,29.91,70,22.55,209,12.93,347,18.86,86,15.75,134,12.0936930179596,265
"2026","Mississippi",77.59,144,-0.07,180,0.2,153,-0.38,222,1.44,45,-0.22,201,0.06,167,1.5993,140,37.81,66,21.09,100,14.25,341,24,63,21.99,122,18.48,248,41.07,73,32.39,86,15.35,232,7.76,281,3.18,336,29.35,84,27.99,70,13.59,342,16.53,166,12.28,272,15.158674120903,242
"2026","Mississippi St.",77.54,154,1.53,39,1.34,35,0.08,163,-1.45,331,-0.77,253,1.43,28,2.15931,42,36.04,106,12.19,352,16.87,284,13.2,352,25.75,41,31.99,3,30.42,249,39.94,26,25.54,47,1.52,364,2.59,344,28.2,105,33.01,14,14.22,330,12.3,318,12.27,273,27.4190306663513,153
"2026","Mississippi Valley St.",77.09,232,-0.2,199,0.66,85,-0.42,240,-1.39,330,-0.18,200,0.23,143,0.118261,365,32.17,204,15.25,290,27.3,15,13.47,349,12.1,360,31.71,5,11.79,364,37.15,39,29.14,21,13.39,126,8.29,180,23.53,240,29.98,38,15.83,285,17.08,136,13.39,229,2.66920309513807,324
"2026","Missouri",79.03,9,1.82,29,2.28,7,2.03,7,0.27,144,1.78,31,2.05,12,2.33651,28,37.14,82,17.15,233,22.41,97,24.89,44,18.39,258,17.16,294,30.7,244,25.66,201,22.48,74,11.62,165,9.54,153,29.36,83,21.71,230,21.4,106,13.21,297,14.32,190,33.8767558336258,107
"2026","Missouri St.",77.3,195,-0.3,212,-0.17,198,-1.38,332,-0.43,228,1.78,31,-0.23,218,0.669032,345,24.07,341,19.09,162,28.94,8,22.5,98,12.92,357,16.55,308,34.87,174,27.12,172,21.07,102,11.71,162,5.23,281,29.22,85,33.11,13,14.88,311,8.39,363,14.4,187,26.7190992832184,157
"2026","Monmouth",78.7,22,0.6,109,0.64,102,1.62,17,1.83,19,1.83,29,0.62,97,1.8327,93,21.91,356,22.14,65,23.91,52,22.91,86,13.52,352,17.36,288,26.7,302,25.75,199,32.83,9,11.69,163,2.81,342,21.07,309,20.02,283,24.47,38,23.27,16,11.03,319,45.3436017036438,33
"2026","Montana",77.04,241,-1.88,347,-0.87,295,-0.74,281,0.55,108,1.15,76,-1.38,343,1.01309,282,27.5,306,14.68,305,17.1,277,18.65,229,31.04,3,18.32,256,28.03,291,15.55,340,11.33,318,15.21,81,29.69,3,22.21,275,23.95,169,19.35,172,16.98,138,17.22,84,28.2475918531418,147
"2026","Montana St.",77.29,197,-0.38,224,0.25,150,-0.43,242,-0.74,272,0.78,106,-0.07,190,0.729367,336,31.37,227,13.68,331,22.83,77,21.95,120,23.28,90,18.05,264,30.06,259,15.34,343,17.04,178,19.91,30,17.46,20,22.83,263,25.69,114,15.54,297,16.79,146,18.91,52,21.0794135928154,197
"2026","Morehead St.",76.65,302,-1.18,304,-0.08,188,-0.49,249,-0.77,277,-1.22,298,-0.63,262,0.7181,340,37.28,76,18.26,196,18.67,224,18.6,231,24.21,73,20.01,207,31.93,225,35.18,60,14.62,247,14.54,98,3.47,332,22.3,272,24.47,158,23.06,65,19.6,65,10.32,335,19.2754924297333,209
"2026","Morgan St.",76.65,303,0.61,108,-0.71,280,-0.87,294,-0.92,293,-1.87,334,-0.05,186,1.08574,267,33.76,164,15.39,284,13.52,348,20.97,151,26.93,22,23.01,108,28.82,280,36.38,46,21.41,94,8.8,252,4.2,306,25.27,183,21.88,227,15.45,301,16.26,178,20.91,20,20.286200940609,202
"2026","Mount St. Mary's",76.94,251,0.27,149,-0.47,256,-1.4,337,-1.45,331,0.78,106,-0.1,198,1.71545,114,31.09,235,20.86,104,19.97,178,22.65,94,18.65,247,17.83,273,28.94,279,37.59,36,19.25,132,3.58,358,10.58,125,26.39,152,21.01,254,13.54,343,17.84,118,21.16,19,28.2939225435257,146
"2026","Murray St.",77.96,90,0.33,142,1.66,16,2.29,4,0.38,133,-1.85,331,0.99,56,1.335,213,42.39,17,20.76,109,20.27,166,15.83,303,26.81,24,16.19,320,30.03,260,31.61,95,16.47,197,8.28,266,13.37,63,31.16,56,29,48,15.6,292,12.1,324,11.94,290,0,347
"2026","N.C. State",77.94,93,-0.22,204,-0.68,277,0.62,99,1.89,16,1.13,78,-0.45,235,2.16398,41,34.39,146,16.97,237,17.49,263,24.44,54,24.5,67,16.49,310,39.2,89,24.8,215,12.66,293,17.53,50,5.56,267,23.93,228,21.24,248,19.14,179,22.15,28,13.39,230,3.39223891496658,319
"2026","Navy",75.83,358,0.64,102,-2.2,359,-1.97,356,-2.1,357,-2.18,343,-0.79,281,2.35536,27,18.11,365,20.81,108,14.3,340,19.34,212,18.65,248,26.73,26,41.75,63,26.25,188,21.19,100,6.5,311,4.04,312,30.95,60,25.2,135,15.77,287,13.68,279,14.17,198,80.1207959651947,1
"2026","Nebraska",77.82,116,0.42,124,0.77,75,1.19,52,0.15,158,-0.42,219,0.6,100,2.38856,21,30.09,256,21.5,82,25.14,33,25.17,39,13.84,347,14.35,345,41.22,72,28.05,158,13.58,275,10.86,189,6.28,238,24.09,222,23.2,185,18.6,203,15.83,202,18.28,64,28.2003998756409,148
"2026","Nebraska Omaha",77.52,160,0.75,89,-0.05,182,-0.82,289,0.41,130,0.3,156,0.35,128,1.58148,143,34.23,150,19.47,149,11.01,362,21.12,144,25.97,35,22.28,128,38.67,97,33.82,76,12.78,292,14.5,101,0,364,21.59,289,22.81,202,18.62,202,22.72,23,14.1,201,49.0178436040878,22
"2026","Nevada",76.72,291,-0.21,200,-0.58,265,-0.59,265,-0.77,279,-1.21,297,-0.39,226,1.85046,86,37.13,83,18.16,201,17.35,269,24.17,62,21.5,139,18.66,244,36.4,146,26.05,193,18.88,139,13.15,133,5.24,280,29.87,71,19.2,304,16.55,273,17.97,111,16.19,115,14.9384990334511,243
"2026","New Hampshire",76.39,325,-1.06,289,-0.66,272,-1.56,343,-0.45,229,-1.29,310,-0.86,290,0.773248,328,34.13,153,12.89,341,28.15,11,15.22,322,23.55,85,20.14,203,37.6,118,35.65,57,8.95,346,4.93,344,12.8,75,24.76,200,34.91,7,13.43,345,12.17,323,14.67,178,17.9020002484322,214
"2026","New Haven",77.21,208,-0.58,230,1.04,53,-0.93,301,-0.63,263,0.18,166,0.23,142,0.205605,362,25.54,327,22.8,48,12.8,354,21.86,124,18.87,237,23.59,93,21.47,337,35.12,61,16.92,184,14.98,85,11.45,98,25.23,184,22.22,219,11.78,356,18.92,83,21.76,16,NA,NA
"2026","New Mexico",77.82,114,0.49,119,0.99,58,0.9,75,0.39,132,-0.67,238,0.74,84,0.92971,301,34.7,133,22.16,64,16.48,293,12.43,358,25.09,55,23.64,90,48.34,15,17.66,324,15.51,226,6.16,316,12.12,87,32.21,33,19.28,302,16.65,271,14.81,239,16.84,96,0,347
"2026","New Mexico St.",76.93,256,0.2,157,-0.39,246,-0.93,300,-0.19,203,-1.04,285,-0.1,196,1.55064,155,40.83,27,16.15,270,20.02,176,19.91,194,27.66,15,16.21,319,23.58,329,45.18,4,5.53,359,18.15,44,7.49,200,28.97,89,21.44,240,14.02,333,19.07,75,16.42,108,8.55073630809784,293
"2026","New Orleans",77.78,119,-0.15,196,1.03,56,1.55,28,-1.32,324,0.78,106,0.44,113,1.5189,163,31.04,237,18.35,195,21.39,130,16.78,279,20.61,162,22.72,116,23.11,331,40.68,21,14.46,251,6.38,313,15.09,39,25.91,166,25.3,128,14.08,331,13.01,304,21.5,17,12.6780569553375,258
"2026","Niagara",76.14,350,-1.28,311,-0.25,210,-0.56,256,-1.19,318,-2.97,359,-0.76,280,0.741791,332,38.17,63,17.13,234,20.12,172,21.99,119,17.46,285,23.3,100,37.98,110,28.75,141,11.4,315,14.38,103,7.5,199,20.82,315,21.59,235,13.98,335,26.62,4,17,90,20.1771751046181,203
"2026","Nicholls",77.41,176,-0.97,281,0.4,127,1.62,17,-0.13,197,-0.83,259,-0.29,221,1.81243,96,29.54,265,19.67,143,18.69,223,23.83,65,16.32,320,21.28,166,18.3,354,13.4,356,34.52,6,19.97,29,13.5,59,25.39,176,18.46,327,28.02,9,14.49,250,13.38,231,29.5107215642929,138
"2026","NJIT",76.93,255,0.63,103,-0.31,218,-0.27,210,-1.45,336,-0.95,273,0.16,153,0.961439,292,34.28,148,15.26,289,21.83,112,16.51,289,21.41,142,24.95,56,42.39,59,23.99,232,12.84,291,9.51,232,11.12,106,22.47,268,30.54,30,20.95,118,13.38,291,12.59,259,42.4364298582077,48
"2026","Norfolk St.",76.73,289,-1.09,292,-0.63,271,-2.1,357,-0.45,229,0.93,95,-0.86,293,1.62184,134,31.42,226,13.75,327,17.8,250,12.6,356,31.37,2,24.35,73,36.52,143,24.55,223,13.49,277,8.65,255,16.5,27,26.35,153,20.11,278,18.7,196,18.32,103,16.28,112,2.72931009531021,323
"2026","North Alabama",77.8,117,-0.67,249,-0.34,220,1.62,24,0.73,92,0.68,125,-0.51,245,1.35442,207,24.7,333,19.78,140,15.53,325,23.21,77,18.9,233,22.51,122,47.02,23,25.9,197,16.26,202,5.76,328,4.94,293,36.05,4,17.81,340,22.44,77,10.86,343,12.71,257,37.4764621257782,86
"2026","North Carolina",79.51,1,2.02,22,2.66,3,2.37,3,2.19,7,1.35,61,2.34,9,1.15786,255,26.9,314,24.27,28,18.74,221,22.89,87,19.73,202,14.38,344,30.07,258,30.03,110,27.95,26,9.43,233,2.53,347,30.82,62,20.2,273,20.78,127,14.56,246,13.64,222,3.6222018301487,318
"2026","North Carolina A&T",77.82,112,0.13,161,-0.22,206,-0.04,185,0.79,87,1.48,52,-0.04,183,0.616559,349,34.68,136,18.94,169,22.72,82,24.54,49,14.38,341,19.42,223,50.07,10,22.87,247,10.11,335,8.25,267,8.7,171,32.96,24,25.29,130,14.63,318,11.29,339,15.83,130,9.83659103512764,283
"2026","North Carolina Central",76.26,335,-0.98,283,-1.12,313,-1.22,321,-1.33,325,-1.02,280,-1.05,316,1.14258,262,28.44,291,26.17,11,13.89,346,15.38,319,27.41,16,17.07,296,39.88,85,28.13,154,17.42,169,3.84,356,10.59,124,25.77,172,23.45,180,15.59,293,18.52,96,16.58,104,12.5620096921921,261
"2026","North Dakota",76.87,266,-0.13,191,-0.36,239,-1.53,342,-0.78,281,0.15,169,-0.24,219,0.980364,289,31.2,230,17.18,231,17.59,256,17.92,250,24.15,75,23.11,105,49.32,13,11.48,361,6.3,358,15.62,76,17.15,24,21.09,307,26.87,88,13.08,346,23.21,19,15.71,135,24.7983351349831,169
"2026","North Dakota St.",76.18,347,-0.02,173,-1.4,339,-2.41,363,-1.45,331,-0.78,256,-0.71,274,1.32887,215,26.17,319,19.24,153,21.74,116,18.31,236,15.9,328,24.73,61,35.58,162,20.95,281,29.17,20,6.88,305,7.31,207,33.4,19,17.13,348,23.12,64,13.47,285,12.77,254,18.5966953635216,211
"2026","North Florida",77.09,233,-1.69,339,-0.5,257,-0.24,208,-0.12,195,1.01,85,-1.1,319,0.770562,329,30.71,243,21.14,98,17.08,278,15.89,301,24.45,68,21.34,162,31.8,228,24.6,219,27.43,29,10.69,198,5.29,275,24.8,198,26.06,110,16.63,272,13.44,287,18.98,49,15.9049943089485,232
"2026","North Texas",77.45,170,-0.61,245,0.18,154,-0.51,252,0.22,151,0.97,90,-0.21,213,1.46872,170,33.9,162,21.73,74,16.12,307,11.16,363,23.81,80,27,21,30.21,255,34.52,66,11.96,302,10.43,202,12.7,76,27.17,131,18.74,318,22.67,74,17.42,129,13.81,210,0,347
"2026","Northeastern",77.86,107,-0.76,258,0.34,142,0.41,128,0.57,104,1.78,31,-0.21,212,1.00979,283,40.51,29,21.43,87,16.39,298,19.35,211,21.71,132,21.12,172,43.99,43,29.53,120,6.66,355,9.72,221,10.09,138,26.11,160,29.67,41,15.56,295,14.4,257,14.26,194,29.4033944606781,139
"2026","Northern Arizona",77.2,215,-0.92,273,0.35,139,0.39,132,0.21,152,-1.03,283,-0.28,220,1.14745,260,34.85,126,27.51,5,19.88,179,21.93,121,18.83,240,11.72,364,33.89,197,28.16,150,17.42,168,14.85,88,5.47,269,23.94,227,18.42,328,22.82,72,19.44,68,15.24,156,14.6086290478706,245
"2026","Northern Colorado",77.61,142,-0.12,189,0.82,71,0.39,131,-0.84,285,0.78,106,0.35,127,1.98906,57,25.98,322,24.12,31,13.95,345,16.11,294,26.06,33,19.64,215,49.72,11,27.34,170,13.76,273,4.67,347,4.3,304,28.31,100,25.54,120,18.8,189,13.18,298,14.02,205,39.6112084388733,71
"2026","Northern Illinois",76.81,274,-0.13,193,-1.03,307,-0.73,279,-0.26,210,-0.77,252,-0.58,257,0.709597,341,37.16,79,21.11,99,12.99,350,18.88,224,24.37,70,22.43,124,32.42,215,24.39,228,9.63,339,20.74,22,12.63,79,22.74,265,18.15,335,15.14,307,23.39,15,20.4,25,0,347
"2026","Northern Iowa",77.6,143,-1.37,317,-0.24,208,0.15,159,0.91,78,1.58,48,-0.81,283,1.86281,84,28.63,284,16.05,274,22.12,103,26.32,23,16.05,325,19.47,221,16.95,359,22.78,250,40.43,3,9.7,223,10.13,137,21.24,300,17.27,346,25.71,24,19.95,58,15.83,129,61.1757874488831,6
"2026","Northern Kentucky",77,246,-1.51,327,-0.77,287,-0.76,282,-0.03,176,1.07,83,-1.14,324,1.23479,241,25.88,324,18.7,179,23.11,72,19.03,217,17.09,293,21.88,137,39.18,90,28.89,135,17.48,164,5.25,337,8.98,164,26.4,151,22.91,199,18.69,198,14.36,259,17.47,74,20.3946441411972,201
"2026","Northwestern",77.54,151,0.68,97,0.09,168,0.86,77,0.85,83,-1.74,327,0.39,121,1.64161,128,34.93,124,23.02,45,25.61,29,20.41,171,13.38,355,17.52,284,28.3,288,28.2,148,22.9,69,13.39,125,7.14,213,31.95,41,26.41,104,17.38,237,13.27,296,10.92,325,37.9072427749634,84
"2026","Northwestern St.",76.19,346,-1.16,303,-1.98,355,-1.22,318,-1.08,310,-0.59,233,-1.57,347,1.28922,225,42.15,18,11.29,356,15.32,328,19.1,215,22.47,109,31.72,4,41.26,71,23.75,236,16.22,203,11,186,7.53,195,28.22,103,24.11,166,20.6,133,15.87,200,10.98,321,38.3228987455368,82
"2026","Notre Dame",77.99,85,0.85,82,0.3,148,0.72,92,0.82,85,0.29,158,0.58,102,2.03739,53,38.34,60,12.66,344,18.51,236,22.52,97,18.35,261,27.96,11,26.57,304,44.44,7,14.9,242,8.32,264,5.77,261,25.85,169,32.44,17,14.65,317,14.41,256,12.64,258,44.7055280208588,38
"2026","Oakland",77.28,201,-1.58,328,0.31,147,0.68,96,1.97,10,-1.98,336,-0.64,263,1.17299,250,25.3,330,22.5,58,21.84,111,17.46,266,17.05,295,20.95,181,38.9,94,26.91,176,11.78,305,18.09,46,4.08,311,24.21,215,23.08,187,17.78,226,22.47,26,12.26,274,21.9159424304962,191
"2026","Ohio",76.87,265,-1.16,302,0.03,173,-0.5,250,-1.05,306,0.06,180,-0.56,254,2.14372,43,28.62,286,21.21,93,26.81,18,16.66,282,20.1,188,15.18,337,28.15,290,35.69,56,23.07,65,6.18,315,6.82,220,27.41,123,24.58,155,17.12,251,15.96,192,14.9,170,42.1769797801971,50
"2026","Ohio St.",77.92,97,2.33,16,0.61,107,0.36,136,-1.45,331,0.78,106,1.47,26,2.37394,24,30.64,245,21.46,85,17.2,274,17.56,262,16.23,324,27.43,18,29.41,271,31.35,100,25.87,43,7.28,294,5.85,255,27.17,132,22.55,210,17.67,232,13.48,284,18.91,51,48.2608884572983,25
"2026","Oklahoma",77.21,209,0.2,156,1.37,33,1.04,60,-1.33,326,-2.23,346,0.78,79,2.55283,10,31.55,223,16.49,258,21.7,117,18.03,245,18.03,268,25.62,37,37.35,124,34.65,65,13.41,278,7.66,286,6.78,221,24.73,201,21.73,229,25.14,29,13.96,267,14.32,191,11.154692620039,269
"2026","Oklahoma St.",77.68,133,0.73,94,0.86,67,-0.2,203,0.79,86,-0.75,250,0.79,78,1.65398,125,43.49,13,20.47,115,18.81,217,20.43,170,21.14,147,19.11,232,41.36,68,20.62,289,18.05,156,14.51,100,5.34,274,21.98,279,26.29,107,20.51,135,13.83,272,17.36,78,2.53453906625509,326
"2026","Old Dominion",77.53,157,0.87,78,-0.61,266,-0.02,181,-0.35,220,0.78,106,0.13,158,1.61669,135,35.88,107,16.59,251,17.17,275,18.45,233,24.12,78,23.63,91,36.62,139,21.7,275,11.13,321,13.94,113,16.49,28,24.52,209,20.79,259,10.01,365,18.79,89,25.83,1,29.5940428972244,136
"2026","Oral Roberts",76.73,290,-0.81,267,-0.99,303,-0.4,237,-0.31,216,-0.84,263,-0.9,299,1.04861,273,33.23,177,21.08,101,21.6,122,14.99,327,21.46,140,20.81,189,32.4,216,21.83,271,20.43,112,10.39,204,14.85,41,31.09,58,22.24,218,17.18,248,16.27,177,13.15,241,5.59661872684956,310
"2026","Oregon",78.76,19,1.75,30,2.05,10,1.28,44,1.4,48,0.36,151,1.9,15,1.74627,112,33.97,160,23.68,38,21.08,140,13.55,348,19.78,200,21.85,139,35.89,157,33.08,83,20.03,117,7.01,302,3.93,316,31.68,43,26.34,105,17.26,244,10.72,346,13.93,206,35.9917461872101,95
"2026","Oregon St.",78.57,32,2.55,12,2.57,4,0.8,83,-0.83,284,0.78,106,2.56,6,1.38587,193,37.41,74,21.55,80,18.8,218,19.42,205,19.08,226,21.09,174,32.62,211,31.21,102,18.74,141,11.29,181,6.04,249,23.25,251,22.05,223,17.24,245,13.72,277,23.7,6,23.1713175773621,180
"2026","Pacific",77.01,242,0.56,111,-0.34,220,-1.1,313,-1.1,312,0.06,182,0.11,160,2.09149,47,28.23,295,21.45,86,24.26,47,17.83,253,20.67,159,15.66,330,38.8,95,26.57,183,19.69,126,9.59,228,5.25,279,25.99,162,17.63,343,24.07,47,18.37,101,13.82,209,16.0934254527092,230
"2026","Penn",77.71,128,-0.58,230,1.39,30,0.26,146,0.98,74,-0.49,221,0.41,115,1.23863,239,34.66,138,17.62,221,22.57,89,19.65,201,25.86,36,14.08,350,47.4,21,18.22,316,15.5,228,11.56,169,7.08,215,26.75,140,30.61,29,16.09,280,15.28,221,11.07,318,41.2939518690109,56
"2026","Penn St.",78.86,14,1.66,35,1.02,57,0.86,78,1.55,24,2.26,17,1.34,34,0.729192,337,32.62,191,15.95,276,16.54,292,19.47,204,24.24,72,23.76,89,29.25,274,24.59,220,19.99,119,13.95,112,12.16,86,24.09,221,18.7,322,19.62,162,17.22,131,20.32,27,15.5902892351151,239
"2026","Pepperdine",78.24,54,0.77,88,2,12,-0.09,188,0.62,102,0.93,96,1.38,31,1.03473,276,22.36,349,16.62,250,14.7,333,25.39,34,21.28,144,21.79,142,16.09,360,25.63,203,12.86,290,13.11,134,32.15,2,20.86,312,15.31,360,25.82,23,13.8,274,24.02,4,10.4347474873066,275
"2026","Pittsburgh",77.2,214,0.42,124,-0.87,296,-0.05,187,0.2,153,-0.68,242,-0.22,216,1.92248,71,26.5,317,18.78,178,20.38,161,22.99,84,18.73,245,19.02,234,39.94,83,31.48,99,16.07,208,6.44,312,5.85,256,33.52,16,18.75,316,19.71,159,10.09,356,17.75,68,24.2456361651421,173
"2026","Portland",78.6,29,1.12,64,0.66,85,1.92,9,1.95,12,0.35,152,0.89,68,0.623714,348,31.92,213,22.47,59,24.54,41,14.66,331,16.97,300,21.21,168,35.64,160,27.51,163,21.39,95,8.96,245,6.35,234,24.65,204,20.14,277,23.16,63,13.06,301,18.84,56,12.6767620444298,259
"2026","Portland St.",78.08,77,0,171,0.66,85,0.79,84,0.67,98,1.33,66,0.33,131,1.28562,230,20.69,360,19.64,146,21.52,126,24.18,61,17,299,17.67,277,40.46,78,26.89,177,18.83,140,10.86,191,2.96,340,28.82,92,26.83,89,19.61,163,13.82,273,10.92,323,42.6493257284164,45
"2026","Prairie View A&M",76.19,344,-1.6,336,-0.37,243,-1.68,351,-1.28,321,-1.1,289,-0.98,305,1.29453,224,23.97,342,16.35,262,21.52,125,24.98,43,21.75,130,15.4,334,35.74,159,17.19,330,12.36,297,9.83,220,24.76,4,23.89,229,26.98,84,17.67,231,15.99,190,15.41,145,8.65030437707901,292
"2026","Presbyterian",78.01,84,0.01,169,0.11,164,0.62,99,1.36,51,0.99,88,0.06,168,1.02484,279,28.33,293,25.83,14,19.4,198,15.19,323,15.82,329,23.76,88,40.66,76,28.14,153,17.44,167,7.75,283,6,251,32.18,35,30.3,34,14.77,312,11.22,340,11.53,303,35.3990614414215,99
"2026","Princeton",77.64,139,-1.12,299,0.38,131,0.73,89,1.13,61,0.11,175,-0.37,225,0.705193,342,33.35,173,20.44,116,10.87,363,17.78,254,25.61,46,25.24,49,29.51,270,22.48,261,20.09,116,15.89,70,11.98,90,18.59,341,21.37,244,22.89,71,19.61,64,17.49,73,32.3431074619293,117
"2026","Providence",77.85,109,-0.42,227,-0.2,204,0.93,72,1.25,57,0.73,123,-0.31,223,1.95627,62,33.98,158,12.47,348,16.56,291,21.56,135,23.21,92,26.12,31,37.97,111,20.92,282,18.33,151,17.28,55,5.28,277,29.74,76,21.67,232,12.69,351,18.87,85,16.92,95,31.194332242012,124
"2026","Purdue",77.89,104,3.42,4,0.56,111,-0.58,262,-0.3,213,-0.65,237,1.99,13,2.38778,22,34.94,121,25.64,15,19.68,190,22.39,102,14.3,342,17.93,267,48.46,14,35.31,58,2.01,364,7.88,278,6.26,239,30.54,65,30.19,35,11.52,359,12.21,322,15.47,142,58.129608631134,7
"2026","Purdue Fort Wayne",76.31,331,-0.99,284,0.66,85,-2.18,361,-1.72,345,-1.22,298,-0.17,207,1.87502,83,26.71,315,14.38,313,13.32,349,28.44,11,22.39,115,21.35,161,24.96,319,45.48,2,9.39,343,9.53,230,10.29,132,24.77,199,17.04,349,19.32,173,19.78,60,18.94,50,29.0679514408112,143
"2026","Queens",78.22,55,-0.22,201,0.95,63,0.49,120,1.55,24,1.35,62,0.37,126,1.27029,234,35.85,109,20.68,112,18.88,211,18.91,223,22.75,105,18.65,245,31.07,237,20.62,288,10.7,325,28.27,2,9.13,158,26.71,142,25.17,136,16.82,261,16.11,182,14.98,165,36.6075366735458,92
"2026","Quinnipiac",77.77,120,0.62,105,0,176,0.76,86,0.32,137,0.19,164,0.31,133,1.27489,232,29.14,272,13.84,324,22.04,106,26.13,27,19.66,206,18.33,255,34.98,170,27.5,164,10.72,324,20.21,26,6.58,226,28.31,99,25.53,121,23.25,61,9.2,361,13.71,220,32.9544305801392,112
"2026","Radford",76.92,259,-0.58,230,-0.29,216,-0.5,251,-0.45,229,-0.57,231,-0.43,231,1.51306,165,29.38,268,15.07,295,27.4,14,18.35,235,20.1,187,18.95,236,23.9,326,34.43,68,17.87,157,13.35,127,10.35,129,23.08,257,27.85,73,18.98,185,18.26,104,11.74,297,0,347
"2026","Rhode Island",76.75,283,-0.67,250,-0.32,219,-1.26,326,-0.77,278,-0.22,201,-0.49,243,2.51986,12,29.5,266,14.97,296,20.89,149,23.64,71,22.81,102,17.58,282,37.51,121,28.07,156,16.32,201,8.1,272,9.82,149,22.13,276,23.89,172,24.37,40,14.39,258,15.11,161,2.46050972491503,327
"2026","Rice",77,244,0.32,144,-1.39,338,-1.38,332,-0.09,189,0.58,135,-0.54,248,1.943,64,34.93,122,14.57,308,18.84,214,23.19,79,26.84,23,16.52,309,47.45,19,24.49,225,10.12,334,10.34,207,7.5,197,24.19,216,21.23,249,22.95,69,17.52,128,14.05,204,27.971425652504,151
"2026","Richmond",76.82,272,0.73,93,-0.18,199,0.02,174,-0.85,286,-2.6,352,0.27,139,2.04863,51,47.01,4,17.99,210,20.37,162,21.79,126,18.36,260,21.46,155,57.49,4,17.15,331,14.71,245,6.74,308,3.76,323,34.38,12,28.26,62,17.19,247,8.07,364,12.01,286,43.4069454669952,43
"2026","Rider",77.54,155,0.44,122,-0.36,238,-0.38,222,0.63,101,0.37,149,0.04,172,0.730851,334,41.96,21,19.36,151,19.49,197,22.85,88,18.53,253,19.63,216,33.36,207,25.72,200,16.17,204,18.71,40,5.83,258,26.65,144,18.95,312,18.1,219,24.03,12,12.14,280,26.2555509805679,158
"2026","Robert Morris",77.29,198,0.15,160,0.52,116,0.32,141,0.13,159,-1.62,324,0.33,130,1.07185,269,31.87,214,23.18,43,23.14,70,16.7,281,18.05,266,18.93,237,31.75,229,33.68,78,16.64,195,10.56,200,7.37,206,29.4,82,27.25,82,12.62,353,14.5,249,16.23,114,11.6526015102863,267
"2026","Rutgers",77.82,115,-0.26,208,0.66,85,1.89,11,-0.33,218,0.14,170,0.2,148,1.28768,227,39.3,46,13.54,332,21.98,109,25.95,30,16.46,318,21.95,133,42.32,60,22.16,266,15,238,12.38,149,7.93,189,31.6,48,22.49,212,18.32,212,12.55,314,14.88,172,20.6479281187057,198
"2026","Sacramento St.",77.52,159,-0.29,211,0.39,129,-0.4,238,-0.45,229,1.39,56,0.05,170,1.03426,277,30.96,241,20.26,122,15.64,320,19.98,190,23.08,97,21.04,177,21.42,339,38.96,28,14.66,246,18.42,42,6.54,227,24.13,219,22,225,17.72,229,26.36,5,9.79,343,0,347
"2026","Sacred Heart",76.92,258,-0.59,243,-0.62,269,-0.72,278,-0.47,243,0.02,185,-0.61,260,1.92721,68,32.8,187,25.06,21,16.71,286,18.79,226,24.82,60,14.43,343,17.22,358,18.2,317,22.04,83,26.88,4,15.51,36,26.53,149,17.28,345,18.53,205,17.55,127,19.96,32,42.7828460931778,44
"2026","Saint Francis",76.71,292,-1.88,348,-1.34,328,0.06,168,-0.38,223,0.13,173,-1.61,349,1.23604,240,34.77,131,12.78,342,22.53,91,27.11,15,18.13,264,19.34,225,27.66,295,22.48,260,16.09,207,19.74,31,13.9,54,17.85,349,20.56,267,25.18,27,21.07,38,15.2,159,6.2179796397686,307
"2026","Saint Joseph's",77.3,194,0.24,154,0.09,167,-0.01,179,-0.28,212,-0.52,228,0.17,152,1.63506,130,31.97,210,15.72,278,17.86,248,22.94,85,18.59,251,24.79,59,25.45,313,21.83,273,24.61,59,16.3,65,11.65,94,20.43,322,19.19,306,19.24,176,22.77,22,18.29,63,46.7570662498474,29
"2026","Saint Louis",77.65,138,0.33,141,-0.38,244,0.16,157,1.17,60,-0.03,192,-0.02,180,2.22031,35,39.85,35,19.22,154,18.55,233,19.98,191,18.97,229,23.16,102,19.23,348,28.11,155,16.13,205,17.47,52,18.85,13,21.58,290,18.74,319,22.04,91,17.95,112,19.55,39,22.8089481592178,185
"2026","Saint Mary's",78.83,15,4.71,1,0.49,120,0.21,151,-0.03,179,1.78,31,2.6,4,0.728393,338,28.01,298,16.72,247,26.2,24,14.24,342,23.54,86,19.21,229,59.13,1,20.53,291,11.74,306,4.46,350,3.96,313,30.89,61,27.71,77,13.81,338,16.75,151,10.7,331,31.1702102422714,126
"2026","Saint Peter's",76.82,271,-0.98,282,-0.44,252,-1.05,309,-0.23,205,-0.16,198,-0.71,273,0.996659,285,38.9,53,14.54,310,15.6,322,17.12,276,27.18,20,25.57,40,36.44,144,29.27,126,10.09,336,13.33,128,10.88,115,24.13,218,22.6,206,14.6,319,19.29,70,19.38,42,31.6240012645721,120
"2026","Sam Houston St.",76.57,310,-0.31,214,-1,304,-1.22,320,-0.69,270,-0.93,270,-0.65,265,1.30157,222,33.16,179,19.09,160,21.1,139,16.04,296,25.63,45,17.91,269,34.62,178,15.45,341,17.56,162,26.91,3,5.23,282,24.64,206,19.54,294,19.99,152,24.13,11,11.48,304,3.701551258564,317
"2026","Samford",76.01,353,-0.7,254,-1.63,349,-1.43,338,-1.94,352,-1.22,298,-1.16,330,1.18655,247,33.41,172,23.53,39,15.35,327,15.63,313,26.73,26,18.76,241,39.74,88,30.47,105,17.29,171,5.83,325,6.67,223,25.29,180,26.62,95,17.28,242,14.53,247,16.28,111,2.00032014399767,334
"2026","San Diego",76.5,315,-1.08,290,-0.99,302,-0.17,199,-1.01,300,-1.22,298,-1.03,312,1.93943,66,39.14,50,13.53,333,19.85,182,20.09,185,21.51,138,25.02,55,30.01,261,23.68,238,13.78,272,21.14,21,11.39,99,28.22,104,24.18,164,14,334,16.22,179,17.39,77,1.12833846360445,338
"2026","San Diego St.",77.84,111,0.37,136,-0.47,255,0.17,156,1.55,24,0.59,134,-0.05,185,1.91267,74,45.63,8,19.14,158,21.61,121,15.79,305,21.04,152,22.42,125,46.87,24,33.43,81,8.72,347,2.15,363,8.82,167,28.36,98,22.42,215,20.24,145,13.3,293,15.68,136,54.2033076286316,11
"2026","San Francisco",77.88,106,1.17,61,-0.22,205,0.62,99,1.75,20,-0.91,267,0.48,108,1.85521,85,33.43,171,23.18,41,17.85,249,21.68,128,16.92,302,20.26,198,36.82,135,22.63,255,24.46,60,10.25,210,5.62,264,32.47,28,22.58,208,21.13,110,12.08,326,11.56,301,39.853897690773,69
"2026","San Jose St.",76.26,336,-0.36,223,-0.75,286,-1.38,332,-2.05,355,-1.14,292,-0.56,251,1.14183,263,22.8,347,19.86,138,21.21,135,12.59,357,17.56,283,28.59,8,36.02,154,36.12,51,14.45,252,4.29,353,8.86,166,31.64,46,28.62,57,14.3,326,7.54,365,17.66,69,17.5817355513573,218
"2026","Santa Clara",78.51,37,1.3,50,1.4,29,1.84,13,0.89,81,0.14,171,1.35,33,0.890994,310,37.43,72,18.54,186,16.25,303,20.18,180,27.35,18,17.51,285,31.72,231,29.58,117,18.64,145,6.37,314,13.47,60,24.15,217,28.15,64,19.71,158,16.54,165,11.25,313,29.5290619134903,137
"2026","Seattle",77.19,217,0.87,77,0.38,132,-0.65,271,-0.88,289,-0.78,256,0.62,98,1.45707,172,31.02,238,21.92,71,23.51,64,17.75,257,11.92,362,24.7,63,58.94,2,14.7,348,6.94,353,8.49,261,10.68,120,20.44,321,20.85,258,17.27,243,18.54,95,22.68,10,43.5781300067902,42
"2026","Seton Hall",76.23,339,-0.27,209,-1.09,311,-1.34,330,-0.46,241,-2.67,354,-0.68,269,2.46108,17,35.41,115,20.03,131,16.48,294,24.56,47,22.69,106,16.15,321,47.6,18,26.57,182,12.21,298,7.61,288,5.84,257,31.12,57,15.71,358,18.1,220,19.72,61,15.26,155,2.03942619264126,333
"2026","Siena",76.46,319,-1.2,305,-0.46,254,0.21,152,-1.02,301,-2.22,345,-0.83,286,1.16117,254,24.42,339,21.65,76,18.72,222,20.4,172,19.37,215,19.8,213,43.9,44,10.05,364,31.98,12,11.52,171,2.42,349,27.25,127,21.33,246,26.41,18,16.9,140,8.05,359,49.1874814033508,21
"2026","SIUE",77.86,108,1.74,31,1.31,37,0.92,73,-0.15,200,-1.52,317,1.53,23,1.34687,210,31.77,215,16.37,261,29.9,6,20.28,177,15.92,327,17.43,286,23.44,330,23.99,231,29.35,19,15.65,75,7.44,201,14.7,364,18.75,317,26.82,14,24.14,10,15.47,143,44.9859768152237,34
"2026","SMU",77.71,129,3.29,6,-0.68,275,-0.28,212,0.06,165,-0.84,262,1.31,35,2.81447,2,19.46,362,18.09,204,16.05,310,21.9,122,18.95,230,24.83,58,41.07,74,28.33,147,12.14,300,10.84,193,7.39,203,24.54,208,18.32,329,21.79,100,20.17,56,14.97,167,37.5782936811447,85
"2026","South Alabama",77.3,196,-1.26,310,-0.36,242,0.15,158,0.72,94,0.26,161,-0.81,285,0.922724,303,25.39,329,23.03,44,27.45,13,22.32,106,9.16,365,17.92,268,15.63,361,35.03,62,22.36,78,18.81,38,8.04,185,17.94,347,19.78,291,20.44,136,28.91,1,12.83,252,19.9531689286232,206
"2026","South Carolina",77.85,110,0.93,73,0.72,80,0.76,88,0.37,135,-0.49,223,0.82,74,2.32702,30,34.93,123,18.87,173,23.9,53,15.65,311,20.5,170,21.08,175,32.15,219,19.13,307,27.15,31,13.22,132,8.36,179,28.13,108,25.08,139,18.65,201,12.9,307,15.24,157,8.50910395383835,295
"2026","South Carolina St.",77.9,101,1.16,62,-0.03,179,0.62,99,1.47,41,-0.71,245,0.56,103,0.413678,358,46.24,5,14.01,321,16.96,280,23.8,67,26.09,32,19.13,230,36.41,145,22.28,264,22.92,68,11.3,180,7.03,216,19.19,337,24.63,153,25.83,22,13.72,276,16.6,102,24.8428925871849,168
"2026","South Dakota",77.33,188,0.97,69,-1.59,346,-0.47,247,0.26,147,0.51,140,-0.31,222,0.994715,287,38.59,55,17.73,218,16.81,285,29.52,5,14.29,343,21.53,152,30.2,256,12.23,358,22.17,81,21.97,16,13.26,64,32.08,40,19.09,309,18.02,222,18.07,107,12.56,261,28.1592279672623,150
"2026","South Dakota St.",76.67,300,0.36,137,-0.15,193,-2.18,360,-0.47,244,-1.22,298,0.1,162,1.37827,195,31.01,239,23.91,35,14.43,338,17.78,255,20.5,169,23.24,101,34.09,191,20.52,292,24.96,55,9.38,236,10.83,117,28.05,110,18.16,334,18.7,197,16.57,163,18.32,62,53.9634525775909,12
"2026","South Florida",77.09,231,0.05,166,-1.34,327,-0.38,222,-0.49,245,0.63,130,-0.64,264,1.55416,150,28.52,290,21.14,97,17.39,268,22.73,92,20.6,163,17.93,266,44.19,40,20.64,287,18.99,137,9.87,219,6.02,250,32.17,36,20.71,264,16.16,277,15.1,227,15.63,137,10.8207762241364,272
"2026","Southeast Missouri",76.31,332,-0.02,172,-2.27,360,-1.51,341,-0.45,229,-1.22,298,-1.15,326,1.28578,229,32.7,189,17.92,213,19.62,193,17.24,274,27.04,21,18.01,265,35.17,166,21.25,279,15.06,237,14.18,105,14.12,50,24.91,195,17.66,341,22.1,88,23.22,18,11.89,291,52.1486520767212,16
"2026","Southeastern Louisiana",76.77,278,-1.43,321,-0.34,220,-0.31,216,0.54,120,-1.57,321,-0.89,298,1.36927,202,38.25,61,18.06,207,24.09,49,19.35,210,21.6,136,16.78,302,34.72,176,28.14,152,10.26,331,12.28,153,14.42,46,23.95,226,20.77,260,18.38,208,22.15,27,14.58,183,26.1660009622574,159
"2026","Southern",76.54,311,-0.84,269,-1.5,343,-1.95,355,-0.47,242,0.47,142,-1.17,331,1.03226,278,42.45,16,24.07,32,16.37,299,14.61,334,19.63,207,25.15,51,42.89,56,35.78,54,16.35,199,3.32,359,1.35,360,34.14,13,17.65,342,14.33,325,12.36,316,21.3,18,40.6768143177032,60
"2026","Southern Illinois",77.1,227,0.65,100,-0.54,261,-0.48,248,-0.42,227,-0.68,240,0.06,169,1.68451,121,37.53,70,15.68,279,19.81,185,20.64,159,19.18,224,24.52,65,41.64,66,34.68,64,6.66,356,11.08,184,5.74,263,27.51,121,28.75,53,13.68,341,14.49,251,15.34,149,41.15951359272,57
"2026","Southern Indiana",76.35,328,-0.95,278,-0.4,247,-1.33,327,-2.26,359,-0.33,214,-0.67,268,1.26779,235,28.38,292,13.4,337,21.21,136,15.11,325,21.98,123,28.18,10,34.29,186,26.68,180,16.92,185,12.43,148,9.49,154,32.2,34,22.17,221,16.69,269,12,328,16.77,98,3.18486653268337,320
"2026","Southern Miss",77.93,95,-0.73,255,-0.39,245,0.26,147,1.55,24,1.97,25,-0.56,252,0.977243,290,28.77,278,15.19,293,28.87,9,26.29,24,12.54,358,16.92,298,35.53,163,26.29,186,19.95,120,9.93,217,8.02,186,23.46,242,25.64,117,22.34,79,12.29,319,16.02,118,2.75199990719557,322
"2026","Southern Utah",78.46,38,1.45,40,1.28,38,1.16,53,1.45,44,-0.03,191,1.37,32,1.01853,280,34.69,134,18.84,175,23.48,65,13.32,350,23.03,98,21.27,167,24.83,320,36.41,45,11.94,303,13.59,119,13,67,32.56,27,26.46,102,13.87,337,15.22,224,11.79,295,8.4528736770153,297
"2026","St. Bonaventure",76.49,318,-0.34,220,0.14,161,-1.46,339,-1.1,313,-1.76,328,-0.1,197,1.55379,152,24.5,336,18.9,171,24.29,46,19.81,198,16.26,323,20.74,190,31.98,223,36.95,41,16.68,193,9.1,241,5.29,276,23.85,231,28.93,51,18.66,200,20.21,55,8.35,357,4.54254522919655,313
"2026","St. John's",78.21,57,-0.03,176,0.31,146,0.43,125,1.55,24,1.8,30,0.14,156,2.14059,45,33.07,180,21.24,92,21.04,141,22.37,103,19.41,213,15.77,328,37.4,123,34.17,73,11.79,304,9.24,239,7.18,212,20.35,323,22.93,197,18.36,210,19.36,69,18.86,55,22.8687435388565,183
"2026","St. Thomas",77.16,222,-1.35,316,-0.85,294,-0.28,211,0.79,90,0.51,139,-1.1,320,0.9089,306,32.37,194,16.51,255,18.57,231,23.57,73,27.83,12,13.3,356,17.42,357,13.59,353,11.71,307,17.77,49,39.37,1,17.84,350,25.15,137,20.14,147,21.15,37,15.5,141,41.3800001144409,55
"2026","Stanford",77.54,156,0.34,139,1.14,45,1.22,49,-1.79,347,-0.22,201,0.74,83,1.28044,231,33.22,178,14.69,304,24.13,48,16.59,285,26.43,28,18.09,263,40.77,75,29.46,122,16.36,198,8.08,275,5.19,284,26.15,159,22.99,192,22.13,85,15.92,197,12.71,256,39.7261649370193,70
"2026","Stephen F. Austin",75.52,362,-1.5,326,-2.54,364,-3.09,365,-1.77,346,-0.49,222,-2.02,362,1.43982,177,27.88,301,10.75,359,14.57,335,26.54,20,21.05,151,26.94,23,38.29,101,28.57,142,7.09,352,8.55,257,17.25,23,29.6,78,20.76,262,15.18,305,11.52,335,22.76,9,27.2854536771774,154
"2026","Stetson",76.81,275,0.34,138,-0.16,194,-0.38,222,-0.54,252,-2.19,344,0.09,163,0.555193,353,37.24,78,17.17,232,22.03,107,24.47,52,19.54,210,16.68,306,27.79,292,25.45,205,18.53,147,21.74,18,6.36,233,22.65,266,25.38,127,22.24,81,13.69,278,15.91,124,16.9411808252335,220
"2026","Stonehill",77.45,169,-0.22,202,-0.68,276,-0.95,304,0.49,124,1.62,47,-0.45,234,1.45657,173,27.25,309,19.53,148,16.63,289,17.41,268,25.41,49,20.82,188,34.82,175,26.51,185,15.22,233,5.4,335,17.78,18,24.12,220,22.04,224,25.37,25,12.3,317,15.91,126,29.5967996120453,135
"2026","Stony Brook",77.65,137,0.3,147,-0.44,251,-0.24,207,0.55,107,1.09,82,-0.07,191,1.58376,142,34.11,155,16.64,249,17.41,266,29.72,4,19.34,218,16.68,305,45.95,29,24.59,221,11.35,317,8.89,249,8.98,163,29.83,72,20.27,271,23.87,50,14.88,234,10.9,326,10.6747530400753,274
"2026","Syracuse",78.18,62,-0.58,230,1.32,36,0.03,173,1.09,66,2.04,23,0.37,123,1.90543,78,33.24,175,21.52,81,22.04,105,22.19,112,17.31,288,16.79,301,29.39,272,45.22,3,11.47,313,7.48,291,6.16,243,26.16,158,24.83,146,14.49,321,19.12,74,15.18,160,16.2686422467232,227
"2026","Tarleton St.",75.91,356,-2.44,361,-1.6,348,-1.49,340,-1.28,322,-0.64,235,-2.02,363,1.39945,188,37.43,71,20.22,123,21.12,138,19.85,196,24.41,69,14.13,348,38.25,104,25.41,207,9.22,344,15.08,84,11.76,93,31.02,59,19.83,289,16.13,278,21.91,31,10.86,328,23.9981606602669,175
"2026","TCU",76.49,317,-1.77,345,-0.36,240,0.2,153,-1.39,329,-1.22,298,-1.06,317,1.74765,111,28.62,287,20.2,126,22.68,84,20.46,169,20.06,189,16.44,311,29.74,264,21.9,270,25.01,53,17.03,58,6.08,246,20.12,324,32.78,15,25.17,28,10.43,352,11.32,312,23.7618610262871,177
"2026","Temple",77.07,235,-1.11,297,-1.15,317,-0.71,277,-0.45,229,1.78,31,-1.13,321,1.95502,63,25.29,331,14.06,320,22.06,104,21.13,143,16.71,310,26.02,33,38.17,107,10.79,363,15.39,231,21.74,17,13.85,55,28.42,96,20.77,261,15.66,291,16,189,19.08,48,17.605647444725,217
"2026","Tennessee",78.35,48,1.33,46,2.26,8,1.61,25,-0.21,204,-0.22,201,1.8,17,1.71527,115,39.54,39,22.75,52,21.55,124,19,218,13.4,354,23.3,99,27.32,298,24.47,226,35.05,5,7.08,301,6.08,245,23.14,255,24.85,145,28.28,8,14.6,242,9.12,349,22.0098093152046,189
"2026","Tennessee Martin",78.18,63,-0.77,262,-0.07,186,1.38,36,1.85,18,1.51,49,-0.42,229,0.677586,343,31.92,212,24.41,25,20.98,144,24.31,58,16.6,316,13.55,354,24.27,324,13.48,354,33.86,7,11.46,173,16.68,25,16.83,356,21.46,238,27.46,11,20.81,45,13.29,237,33.5508793592453,109
"2026","Tennessee St.",76.95,250,-1.38,319,-0.93,299,0.6,112,0.38,134,-0.92,269,-1.16,329,1.70211,117,29.29,269,17.62,222,22.75,81,28.23,12,11.68,363,19.52,219,45.82,31,26.18,190,13.84,270,7.74,285,6.08,247,27.1,135,19.45,300,20.97,117,16.28,176,15.95,123,40.6263142824173,63
"2026","Tennessee Tech",76.52,313,-1.58,335,-1.69,351,-1.38,332,0.51,122,-0.22,211,-1.64,351,0.856161,317,41.01,26,32.27,1,9.42,365,20.74,158,21.95,126,15.5,332,42.2,61,18.73,311,16.96,182,11.64,164,10.32,130,30.28,67,20.04,282,15.1,308,19.27,71,15.22,158,15.8811867237091,233
"2026","Texas",78.16,65,1.18,60,0.69,83,1.02,63,0.56,105,0.38,148,0.94,59,2.68838,6,36.43,97,23.18,42,18.82,216,19.39,208,19.12,225,19.35,224,37.29,125,23.57,240,15.71,219,12.21,157,11.1,107,32.42,30,22.51,211,14.68,314,16.54,164,13.73,219,31.0808092355728,127
"2026","Texas A&M",77.48,165,1.28,53,0.32,144,-0.02,183,-0.61,261,-0.52,229,0.8,76,2.48166,15,45.78,7,17.2,230,23.57,62,20.99,150,20.85,157,17.28,290,34.48,181,29.55,119,11.3,319,13.39,124,11.18,105,25.28,181,31.99,20,16.85,259,13.01,303,12.76,255,0.643144780769944,339
"2026","Texas A&M Corpus Chris",76.41,322,-1.58,328,-0.19,203,-1.12,314,-1.35,328,-0.7,243,-0.88,297,0.548817,354,44.66,9,24.06,33,19.34,201,14.29,341,16.82,304,25.29,48,33.87,198,37.72,35,14.87,244,9.61,227,3.85,320,28.92,90,24.24,163,17,256,15.92,195,13.79,214,16.2421211600304,228
"2026","Texas Southern",77.29,199,-0.54,228,-0.34,220,0.95,71,-0.07,183,-0.52,227,-0.44,233,1.6063,136,47.49,2,8.58,365,24.33,45,25.87,31,20.36,174,20.84,186,11.61,365,43.96,8,26.69,37,14.62,95,3.12,337,19.8,330,25.29,129,26.8,15,17.91,115,10.09,340,35.52565574646,98
"2026","Texas St.",76.71,294,-0.94,277,-0.78,290,-0.38,222,-0.65,267,-0.67,239,-0.86,294,1.49575,167,36.36,102,17.66,220,22.95,74,17.75,256,18.95,231,22.66,119,28.98,278,32.16,90,25.21,50,5.9,321,7.7,194,21.46,296,28.61,58,20.31,142,16.69,156,12.87,250,16.9718340039253,219
"2026","Texas Tech",77.18,219,-0.06,178,-1.46,342,-0.38,222,0.24,150,0.58,136,-0.76,279,2.20035,37,23.63,343,26.58,10,20.57,154,14.32,339,20.86,156,17.63,278,44.35,38,25.31,208,14.19,261,9.9,218,6.18,242,27.38,125,24.75,149,15.32,304,15.99,191,16.5,105,26.7384380102158,156
"2026","The Citadel",76.67,299,-1.91,349,-1.34,328,-0.2,204,0.29,139,-0.45,220,-1.63,350,0.810997,326,37.66,69,17.96,212,28.52,10,18.92,222,17.96,273,16.41,313,34.42,183,24.34,229,10.46,328,17.79,48,12.67,77,23.27,249,12.53,365,19.53,166,24.8,7,19.67,37,34.5833659172058,104
"2026","Toledo",76.64,304,0.01,170,-0.19,202,-1.35,331,-2.02,354,-0.22,201,-0.09,195,1.40527,186,22.08,353,18.18,199,20.83,150,17.74,258,18.44,256,24.76,60,29.68,265,39.99,25,12.2,299,8.32,263,9.7,151,27.79,115,26.97,85,18.26,214,13.17,299,13.73,218,22.8124931454659,184
"2026","Towson",78.19,60,0.55,112,1.25,39,1.2,51,1.09,67,-0.15,197,0.9,65,1.78504,106,28.83,276,11.36,355,26.91,16,14.75,329,21.3,143,25.46,46,45.97,28,11.7,360,22.38,77,16.84,60,2.87,341,22.46,269,23.59,177,25.19,26,20.43,52,8.07,358,38.0959063768387,83
"2026","Troy",77.37,180,-0.58,230,0.56,112,0.89,76,-0.85,287,-0.17,199,-0.01,177,1.31834,217,23.41,345,20.7,110,22.56,90,21.7,127,13.63,351,21.37,159,30.33,252,29.7,114,22.38,76,5.7,331,11.79,91,21.77,283,36.99,2,18.37,209,9.94,358,12.88,249,44.1888391971588,39
"2026","Tulane",77.35,185,-0.78,264,-1.31,325,-0.34,218,0.39,131,1.78,31,-1.04,313,1.95711,61,24.69,334,13.92,322,16.01,311,22.18,113,27.89,11,19.81,211,27.71,294,18.83,310,25.36,49,14.25,104,13.66,56,28.15,107,20.2,274,20.73,129,18.25,105,12.45,267,44.1817551851273,40
"2026","Tulsa",77.49,163,-0.78,265,-0.26,213,0.39,133,0.07,162,1.05,84,-0.52,247,1.55071,154,37.91,64,13.31,338,19.78,187,19.76,200,23.65,84,23.47,97,28.32,287,24.96,212,14.13,263,12.7,140,19.8,11,25.11,189,26.31,106,17.8,225,15.81,205,14.91,169,9.2981293797493,289
"2026","UAB",76.39,326,-1.58,328,-0.11,191,-0.09,189,-0.99,299,-2.25,347,-0.85,289,1.60403,137,30.21,254,18.49,188,17.51,261,25.04,42,16.73,309,22.23,130,43.18,55,28.8,139,11.05,323,9.53,229,7.44,202,30.19,68,27.93,72,15.48,298,12.86,308,13.55,224,0,347
"2026","UC Davis",76.94,252,-0.58,230,0.45,125,-0.29,213,-1.12,314,-0.74,248,-0.06,188,1.35119,209,30.4,251,21.17,95,19.54,195,19.88,195,20.2,184,19.04,233,21.88,334,22.56,257,27.32,30,6.68,309,21.44,6,31.83,42,22.43,214,17.3,241,16.73,153,11.47,305,41.5601074695587,54
"2026","UC Irvine",78.05,79,1.25,54,0.8,73,-0.66,274,0.55,108,1.33,65,1.03,51,0.956039,296,33.32,174,16.83,244,19.26,204,22.52,96,25.75,40,15.44,333,34.24,189,29.57,118,10.69,326,12.65,142,12.64,78,26.28,155,22.77,204,18.19,217,15.73,208,16.79,97,24.9074280261993,167
"2026","UC Riverside",78.26,52,-0.08,183,0.38,133,-0.02,180,1.54,36,2.5,11,0.15,155,0.836754,322,21.44,357,18.97,167,17.27,273,15.01,326,26.39,29,22.32,127,30.93,238,18.7,313,21.16,101,11.56,168,17.55,19,23.31,248,24.01,168,16.78,263,18.9,84,16.94,92,0,347
"2026","UC San Diego",78.1,73,0.51,118,-0.46,253,-0.38,222,1.55,24,2.29,16,0.03,173,1.044,275,27.04,311,20.21,125,23.65,59,18.44,234,18.68,246,18.81,240,23.62,328,18.18,318,15.18,234,25.43,5,17.37,21,20.06,325,20.11,279,20.31,141,22.1,29,17.22,83,8.34217742085457,298
"2026","UC Santa Barbara",77.96,91,-1.58,328,0.66,85,1.5,29,0.54,121,1.68,45,-0.46,236,1.64827,126,34.57,140,18.08,205,22.02,108,15.64,312,19.73,203,24.33,74,38.07,109,25.76,198,19.51,131,11.77,161,4.6,298,19.37,335,29.93,39,23.38,58,18.64,91,8.48,356,16.4966389536858,224
"2026","UCF",78.6,26,1.74,32,1.09,50,0.4,130,1.55,24,1.26,70,1.42,30,2.35863,26,34.97,120,21.61,78,22.46,95,16.73,280,21.6,135,17.61,279,31.15,236,35.86,53,17.07,176,10.72,197,5.21,283,21.29,299,28.39,61,23.01,66,11.7,334,15.61,138,0.0401010533096269,345
"2026","UCLA",78.12,69,0.86,79,1.15,43,0.6,111,0.01,171,1,87,1.01,54,2.63199,8,32.32,197,17.99,209,23.77,56,15.43,318,22.42,113,20.24,200,38.27,102,18.08,320,28.95,24,8.84,251,5.74,262,23.21,252,27.61,78,20.71,130,15.23,222,13.1,244,42.5692290067673,47
"2026","UMass Lowell",76.4,324,-1.47,323,-1.14,316,0.46,121,-1.82,348,-1.03,282,-1.3,334,0.611529,351,32.86,185,23.81,37,17.3,272,21.87,123,17.37,286,19.51,220,43.6,50,18.5,314,19.81,122,10.13,214,7.75,192,26.24,156,20.71,265,14.4,324,18.93,81,19.55,38,0.0180086441105232,346
"2026","UMBC",77.08,234,-0.55,229,-0.84,292,-0.65,272,-0.33,219,0.78,106,-0.69,271,1.05233,272,32.25,200,18.42,192,20.46,157,20.18,181,17.76,279,22.98,111,44.04,42,37.52,37,9.72,337,0.4,365,8.06,184,21.16,305,25.51,123,19.69,161,19.01,77,14.48,186,25.292694568634,165
"2026","UNC Asheville",78.21,56,0.02,168,0.72,79,1.47,33,1.41,47,0.49,141,0.37,124,1.84107,90,22.27,352,22.58,57,10.85,364,26.27,25,16.76,307,23.55,95,25.62,310,29.4,124,28.97,23,10.41,203,5.6,265,22.27,274,26.49,100,23.83,51,14.87,236,12.54,262,28.9433121681213,144
"2026","UNC Greensboro",75.87,357,-1,286,-1.26,322,-1.06,312,-1.95,353,-2.36,348,-1.13,322,0.752866,330,34.34,147,16.58,253,21.56,123,20.31,176,18.47,254,22.92,113,31.98,221,42.52,14,14.43,254,3.03,361,7.81,191,16.65,357,40.9,1,17.33,240,14.48,252,10.44,334,1.38444304466248,337
"2026","UNC Wilmington",79.05,8,1.38,45,0.06,169,1.47,32,1.55,24,3.78,1,0.72,88,2.45116,18,28.09,297,20.22,124,18.17,242,24.43,55,18.81,241,18.27,259,43.54,52,22.68,254,13.34,281,7.11,298,13.2,65,27.18,130,20.1,280,17.2,246,16.01,187,19.39,41,32.9971313476562,111
"2026","UNLV",77.25,204,-0.18,198,0.56,109,0.24,148,-0.59,258,-0.77,254,0.19,149,1.41538,183,35.87,108,19.92,136,20.96,147,15.31,320,20.16,185,23.61,92,38.26,103,33.74,77,15.5,227,10.75,195,1.68,359,29.59,79,19.2,303,18.21,216,19.24,73,13.66,221,1.92662011831999,335
"2026","USC",79.05,7,1.67,33,1.57,22,1.62,17,2.46,6,0.92,97,1.62,20,2.4757,16,36.58,92,18.94,170,24.09,50,16.52,287,26.28,31,14.06,351,28.39,286,31.66,94,20.92,103,8.72,254,10.15,136,24.41,210,23.47,178,16.02,281,16.76,150,19.22,44,3.16955000162125,321
"2026","USC Upstate",76.63,306,0.79,87,-1.72,353,-1.22,322,-0.76,276,-0.9,266,-0.47,239,0.846334,319,30.59,247,11.51,354,16.33,300,25.1,40,30.21,4,16.68,304,45.55,33,27.83,162,14.91,241,5.96,320,5.52,268,28.44,95,17.84,339,22.63,75,12.22,321,18.69,58,39.9463176727295,68
"2026","UT Arlington",76.73,288,-1.09,293,-0.62,270,-1.26,324,-0.5,246,0.16,168,-0.86,291,0.846377,318,34.44,145,15.24,291,26.11,26,22.16,114,19.28,221,17.21,292,32.67,210,31.61,96,15.45,229,12.27,154,8,187,25.63,174,21.66,233,18.73,193,19.26,72,14.72,175,13.706386089325,247
"2026","UT Rio Grande Valley",76.21,341,-1.45,322,-0.94,300,-0.97,306,-1.03,302,-1.56,320,-1.19,332,1.48642,168,36.22,104,20.11,129,22.81,79,23.69,70,16.75,308,16.4,315,39.99,82,20.11,296,14.42,255,14.54,99,10.5,127,18.25,345,23.91,171,27.24,12,16.14,180,14.22,196,11.3735921680927,268
"2026","Utah",77.33,187,-0.58,230,0.47,124,0.57,114,-0.67,269,-0.11,195,-0.05,187,1.76882,108,31.25,229,17.6,223,11.52,360,17.89,252,32.85,1,20.06,206,38.18,106,41.98,15,8.21,348,5.18,339,6.33,236,33.16,21,23.04,189,17.01,255,10.67,347,16.07,116,8.71505439281464,291
"2026","Utah St.",77.54,153,-0.32,216,1.09,49,-1.01,307,0.55,108,0.42,145,0.38,122,2.51273,13,37.16,80,12.44,350,21.82,113,18.08,243,29.89,7,17.59,281,24.54,322,44.56,6,15.95,211,10.82,194,3.88,318,12.65,365,28.66,56,21.03,115,14.58,245,22.87,8,44.7505503892899,35
"2026","Utah Tech",78.16,66,-1.58,328,0.47,123,1.03,62,1.13,62,2.78,5,-0.55,250,0.995193,286,24.44,338,27.42,6,17.89,246,17.27,273,18.95,232,18.48,250,45.91,30,13.42,355,17.05,177,11.43,175,12.19,85,26.63,146,24.56,156,14.66,315,16.73,152,17.41,76,14.7127076983452,244
"2026","Utah Valley",77.98,87,-0.41,226,-0.06,184,0.42,127,0.55,108,2.41,13,-0.23,217,1.20421,243,30,257,26.13,12,26.3,23,18.63,230,14.4,340,14.54,342,27.53,296,32.21,89,14.12,264,8.17,269,17.98,17,17.41,353,26.44,103,18.74,192,17.07,137,20.35,26,30.3197026252747,132
"2026","UTEP",76.58,309,-0.94,276,-0.54,260,-0.37,220,-1.63,343,-0.6,234,-0.74,277,1.70804,116,32.21,202,25.56,16,26.57,22,18,248,13.7,349,15.86,324,14.72,363,37.25,38,21.64,90,5.11,341,21.12,7,24.65,205,24.86,142,15.79,286,16.78,148,17.63,70,13.5811343789101,249
"2026","UTSA",77.73,126,-1.38,318,-0.62,268,0.27,144,1.55,24,1.84,28,-1,306,0.868025,313,31.7,217,14.78,299,22.24,100,15.61,314,25.66,44,21.71,147,43.63,49,22.21,265,18.25,154,8.65,256,7.26,208,26.4,150,20.3,270,24.17,44,15.75,207,13.38,232,7.40036070346832,301
"2026","Valparaiso",78.11,72,0.86,81,0.74,78,2.07,6,-0.42,226,0.33,155,0.8,75,0.814305,325,39.63,38,14.08,319,22.65,85,20.61,163,22.45,111,20.09,205,36.39,148,22.87,248,22.13,82,9.68,224,8.73,170,23.98,225,21.14,251,21.38,107,17.73,122,15.6,139,5.3613007068634,312
"2026","Vanderbilt",76.9,262,-1.12,298,-0.34,220,1.37,37,-1.46,338,-0.95,274,-0.73,276,2.66123,7,30.58,248,20.96,103,16.45,295,18.95,219,22.18,119,21.3,165,34.03,194,34.21,71,17.15,173,7.25,295,7.02,217,25.77,171,23.68,174,14.04,332,16.49,169,19.81,35,34.616231918335,103
"2026","VCU",77.92,98,1.21,56,0.66,85,0.79,85,0.29,141,-0.3,213,0.93,60,1.63099,131,39.52,40,18.2,198,16.16,304,20.39,173,24.91,57,20.33,197,21.59,336,29.12,130,15.17,235,13.79,116,20.3,8,24.03,223,23.95,170,21.05,114,17.41,130,13.51,226,16.6566506028175,223
"2026","Vermont",77.57,147,-0.12,190,0.16,158,-0.43,241,0.16,157,1.12,79,0.02,174,1.90728,76,36.48,95,28.98,2,12.85,352,22.49,99,17.97,272,17.58,283,49.34,12,30.28,106,5.13,363,6.52,310,8.54,175,18.74,340,17.61,344,18.54,204,24.75,8,20.22,29,30.6299269199371,128
"2026","Villanova",77.66,134,0.43,123,0.37,136,-0.46,244,-0.1,191,1.09,81,0.4,117,1.81238,97,32.14,206,16.74,246,15.88,315,19.06,216,24.29,71,23.92,82,50.45,8,13.6,352,13.64,274,12.34,152,9.84,145,34.97,8,18.5,326,14.65,316,15.92,196,15.78,131,12.1934130787849,264
"2026","Virginia",78.09,74,2.42,13,1.13,46,0.72,93,0.55,106,-1.36,313,1.78,18,1.91829,72,36.89,88,17.79,215,23.78,55,21.66,131,13.46,353,23.15,104,35.62,161,21.83,272,12.94,289,13.47,122,15.93,34,28.62,94,21.5,237,19.47,168,11.06,341,19.16,45,0.094148755306378,343
"2026","Virginia Tech",78.03,82,0.46,120,0.95,62,0.73,90,1.42,46,-0.36,215,0.71,89,1.37078,201,31.1,234,19.88,137,22.83,76,21.65,132,16.67,313,18.96,235,34.47,182,28.2,149,14.93,240,15.99,68,6.4,230,17.76,351,31.15,25,16.77,264,20.56,50,13.77,217,40.3967797756195,65
"2026","VMI",76.73,287,-1.92,351,-1.59,347,-1.21,317,0.06,164,1.34,64,-1.76,354,1.3052,220,31.12,233,20.43,118,23.1,73,14.31,340,18.26,262,23.86,85,30.73,243,20.35,293,23.42,64,12.6,144,12.84,72,32.15,37,23.34,183,26.22,20,12.09,325,6.18,363,64.1298055648804,3
"2026","Wagner",76.24,338,-2.58,362,-1.24,321,-0.91,299,-1.17,315,0.13,172,-1.91,360,0.2827,361,34.8,129,19.02,165,20.66,153,19.19,214,25.11,54,15.86,325,38.34,100,39.69,27,9.51,341,7.87,279,4.35,302,25.27,182,22.91,201,15.57,294,17.15,132,18.89,53,10.0534290075302,281
"2026","Wake Forest",77.96,89,-0.39,225,-0.06,185,1,64,1.46,42,0.82,102,-0.22,215,2.1324,46,34.84,127,9.87,361,22.21,101,27.51,14,22.05,121,18.2,262,27.04,300,20.64,286,21.74,86,20.49,25,9.92,140,15.13,362,24.72,150,28.38,6,18.49,97,13.11,243,23.6654058098793,178
"2026","Washington",77.57,148,1.42,42,0.92,64,-0.89,298,-0.37,221,-0.22,201,1.17,42,1.80481,101,34.55,141,19.7,141,19.84,183,24.36,56,20.24,181,15.82,326,46.86,25,24.77,216,11.61,311,9.52,231,7.13,214,29.7,77,22.98,193,17.35,239,14.94,233,14.97,166,16.8508514761925,222
"2026","Washington St.",78.33,49,-0.07,181,0.66,85,1.68,16,0.79,88,1.64,46,0.29,134,0.949148,297,40.17,33,20.01,135,22.15,102,21.4,136,12.01,361,24.38,72,29.21,275,29.51,121,16.66,194,10.31,208,14.22,48,23.21,253,24.68,152,21.84,98,13.59,281,16.62,101,25.3163278102875,164
"2026","Weber St.",76.2,342,-1.6,337,-1.01,305,-0.64,269,-0.26,209,-2.46,350,-1.3,335,1.16585,253,28.62,285,17.56,224,24.41,44,20.63,160,19.77,201,17.6,280,42,62,26.15,191,26.74,36,3.03,360,2.03,356,25.95,164,24.8,147,22.02,92,14.67,241,12.47,266,30.3851693868637,130
"2026","West Georgia",77.06,238,-0.35,221,-1.34,328,0.62,99,-0.7,271,0.09,178,-0.85,288,0.944558,298,27.3,308,14.47,311,11.83,358,24.88,45,25.77,39,23.04,106,40.55,77,19.64,302,30.17,15,8.45,262,1.19,362,30.66,64,19.09,307,28.33,7,8.84,362,13.08,245,40.9159123897552,58
"2026","West Virginia",77.1,229,0.94,71,0.78,74,-0.02,182,-0.63,264,-2.55,351,0.86,71,2.73641,3,34.08,156,18.99,166,23.15,69,16.34,293,15.02,337,26.4,28,35.51,165,30.66,104,20.48,111,9.41,234,3.75,324,21.49,294,27.98,71,22.37,78,18.8,88,9.2,348,0,347
"2026","Western Carolina",77.16,223,0.9,76,0.62,105,-0.85,292,-0.3,214,-1.55,319,0.76,82,1.52278,162,36.24,103,17.27,228,24.46,43,13.3,351,21,153,23.92,83,51.12,6,19.47,304,12.45,294,10.16,213,6.66,224,35.88,5,18.65,323,11.33,361,16.89,141,17.15,86,38.9288067817688,78
"2026","Western Illinois",77.1,228,-1.47,324,-1.34,328,0.01,175,0.55,108,0.78,106,-1.41,344,0.914894,304,32.18,203,22.31,61,20.12,173,20.05,188,22.3,117,15.05,338,18.66,349,17.86,322,42.76,1,14.1,109,6.41,229,21.75,285,20.22,272,22.95,68,16.71,154,18.13,67,0,347
"2026","Western Kentucky",77.2,213,1,68,0.2,152,-0.86,293,-0.74,273,-0.56,230,0.6,101,1.92649,69,41.14,25,13.42,336,22.65,86,27.51,13,18.02,269,18.38,253,27.02,301,34.46,67,27.11,32,7.14,296,4.17,307,17.25,354,27.74,76,23.96,49,18.4,100,12.59,260,11.1291192471981,270
"2026","Western Michigan",77.22,206,0.53,116,-0.17,197,0.62,99,-0.25,206,-1.59,323,0.18,151,0.894034,308,39.17,49,14.78,301,17.57,260,26.74,17,16.84,303,24.04,79,38.61,98,24.93,213,20.71,108,10.92,187,4.67,296,26.62,147,25.89,111,29.15,3,10.84,344,7.44,362,19.9006572365761,207
"2026","Wichita St.",76.35,327,2.17,19,-0.71,281,-0.35,219,-3.25,365,-3.06,362,0.73,86,1.8219,94,30.21,254,20.43,119,14.48,337,18.54,232,18.88,236,27.67,13,44.05,41,27.31,171,20.9,104,5.41,333,2.32,350,33.89,14,18.25,333,19.96,155,16.12,181,11.78,296,0.120050425175577,342
"2026","William & Mary",77.42,175,-1.23,309,-0.96,301,0.53,117,1.04,70,0.74,122,-1.09,318,1.55409,151,41.97,20,21.33,88,18.65,225,19.42,206,21.97,124,18.48,249,19.36,347,23.96,234,12.99,285,31.37,1,12.12,89,24.84,197,18.13,336,17.94,224,20.09,57,18.83,57,21.284906566143,195
"2026","Winthrop",76.71,293,0.33,140,0.1,165,-0.66,273,0.03,168,-3.23,364,0.22,146,1.69578,120,37.89,65,24.34,27,17.77,252,20.53,166,18.99,228,18.24,261,46.28,27,26.81,178,16.69,191,7.74,284,2.31,351,27.71,117,22.63,205,17.38,238,19.63,62,12.48,265,17.632569372654,216
"2026","Wisconsin",79.01,10,2.26,17,2.42,6,0.34,138,1.02,71,2.05,22,2.34,8,2.30332,31,29.91,259,18.65,180,15.68,319,14.12,344,19.35,217,32.19,2,34.08,192,26.25,187,9.2,345,19.15,35,11.31,102,32.68,26,22.94,196,14.25,328,14.72,240,15.4,146,32.438936829567,116
"2026","Wofford",75.96,354,-1.23,308,-2.35,363,-2.38,362,-1.18,317,-0.01,188,-1.79,356,1.00247,284,25.74,326,18.13,203,20.77,151,26.93,16,18.4,257,15.77,327,36.8,136,15.15,344,12.96,287,15.51,78,19.57,12,21.07,308,19.49,299,24.1,46,16.47,170,18.87,54,15.5836880207062,240
"2026","Wright St.",76.76,279,-2.05,355,-0.62,267,-0.23,205,-0.58,256,0.3,157,-1.33,338,1.34177,211,36.76,91,17.03,236,22.46,93,15.13,324,27.36,17,17.89,270,18.35,353,43.7,9,19.8,124,5.72,329,12.32,82,23.54,238,29.55,42,22.51,76,15.62,212,8.64,354,33.1767678260803,110
"2026","Wyoming",77.05,240,-0.78,263,-0.34,220,0.35,137,-0.74,274,-0.22,201,-0.56,253,1.18353,248,44.13,11,14.76,302,17.05,279,22.43,100,21.12,148,24.51,66,25.3,316,29.05,131,17.79,158,14.08,110,13.61,58,20.84,313,21.56,236,23.38,57,18.06,108,15.98,119,13.8746976852417,246
"2026","Xavier",78.73,20,0.79,85,1.6,21,1.5,31,1.01,72,1.78,31,1.2,40,2.08565,48,29.25,270,19.18,155,18.58,230,22.41,101,17.16,290,22.59,120,41.34,69,23.13,244,23.52,63,8,276,3.87,319,20.78,317,29.07,46,20.9,121,15.38,220,13.77,216,0.0440766947576776,344
"2026","Yale",77.74,124,-0.62,246,-0.34,220,0.81,80,1.49,40,0.38,147,-0.48,241,1.41511,184,25.89,323,16.34,263,22.26,99,26.7,18,18.63,250,15.96,323,36.4,147,22.53,259,17.45,165,13.59,118,9.83,147,21.47,295,26.72,92,18.72,194,17.64,123,15.31,152,62.1306955814362,5
"2026","Youngstown St.",76.63,307,-0.33,217,-0.67,274,-0.24,209,-1.07,309,-1.49,316,-0.5,244,1.6383,129,37.27,77,20.01,133,20.34,164,24.56,48,15.47,332,19.62,217,41.29,70,16.85,336,16.69,192,10.38,205,14.79,43,16.09,359,18.55,325,23.43,55,21.38,35,20.56,23,21.342134475708,194
